,zip,name,naics,est,n<5,n5_9,n10_19,n20_49,n50_99,n100_249,n250_499,n500_999,n1000,city,stabbr,cty_name
2119018,76272,"VALLEY VIEW, TX",813,3,0,0,0,0,0,0,0,0,0,VALLEY VIEW,TX,COOKE
2118953,76266,"SANGER, TX",813,14,11,3,0,0,0,0,0,0,0,SANGER,TX,DENTON
2118932,76266,"SANGER, TX",624,3,0,0,0,0,0,0,0,0,0,SANGER,TX,DENTON
2118820,76262,"ROANOKE, TX",813,25,16,5,0,0,0,0,0,0,0,ROANOKE,TX,DENTON
2118761,76262,"ROANOKE, TX",624,9,0,0,4,3,0,0,0,0,0,ROANOKE,TX,DENTON
2118734,76262,"ROANOKE, TX",611,13,7,0,4,0,0,0,0,0,0,ROANOKE,TX,DENTON
2118466,76259,"PONDER, TX",813,5,4,0,0,0,0,0,0,0,0,PONDER,TX,DENTON
2118428,76258,"PILOT POINT, TX",813,8,5,3,0,0,0,0,0,0,0,PILOT POINT,TX,DENTON
2118405,76258,"PILOT POINT, TX",611,3,0,0,0,0,0,0,0,0,0,PILOT POINT,TX,DENTON
2118325,76255,"NOCONA, TX",813,12,9,3,0,0,0,0,0,0,0,NOCONA,TX,MONTAGUE
2118316,76255,"NOCONA, TX",624,4,3,0,0,0,0,0,0,0,0,NOCONA,TX,MONTAGUE
2118265,76252,"MUENSTER, TX",813,4,3,0,0,0,0,0,0,0,0,MUENSTER,TX,COOKE
2118254,76252,"MUENSTER, TX",624,3,0,0,0,0,0,0,0,0,0,MUENSTER,TX,COOKE
2118188,76249,"KRUM, TX",813,6,5,0,0,0,0,0,0,0,0,KRUM,TX,DENTON
2118180,76249,"KRUM, TX",624,3,0,0,0,0,0,0,0,0,0,KRUM,TX,DENTON
2118126,76248,"KELLER, TX",813,41,21,5,7,6,0,0,0,0,0,KELLER,TX,TARRANT
2118071,76248,"KELLER, TX",624,20,8,3,4,4,0,0,0,0,0,KELLER,TX,TARRANT
2118026,76248,"KELLER, TX",611,27,13,4,5,3,0,0,0,0,0,KELLER,TX,TARRANT
2117778,76247,"JUSTIN, TX",813,11,8,0,0,0,0,0,0,0,0,JUSTIN,TX,DENTON
2117637,76245,"GORDONVILLE, TX",813,3,3,0,0,0,0,0,0,0,0,GORDONVILLE,TX,GRAYSON
2117621,76244,"KELLER, TX",813,23,17,3,0,0,0,0,0,0,0,KELLER,TX,TARRANT
2117574,76244,"KELLER, TX",624,19,7,0,0,8,0,0,0,0,0,KELLER,TX,TARRANT
2117537,76244,"KELLER, TX",611,21,11,4,3,3,0,0,0,0,0,KELLER,TX,TARRANT
2117308,76241,"GAINESVILLE, TX",813,6,4,0,0,0,0,0,0,0,0,GAINESVILLE,TX,COOKE
2117292,76240,"GAINESVILLE, TX",813,28,20,3,0,0,0,0,0,0,0,GAINESVILLE,TX,COOKE
2117250,76240,"GAINESVILLE, TX",624,12,7,0,0,0,0,0,0,0,0,GAINESVILLE,TX,COOKE
2116998,76234,"DECATUR, TX",813,30,14,8,3,5,0,0,0,0,0,DECATUR,TX,WISE
2116958,76234,"DECATUR, TX",624,7,0,0,3,0,0,0,0,0,0,DECATUR,TX,WISE
2116935,76234,"DECATUR, TX",611,4,4,0,0,0,0,0,0,0,0,DECATUR,TX,WISE
2116760,76233,"COLLINSVILLE, TX",813,3,0,0,0,0,0,0,0,0,0,COLLINSVILLE,TX,GRAYSON
2116735,76230,"BOWIE, TX",813,12,8,3,0,0,0,0,0,0,0,BOWIE,TX,MONTAGUE
2116716,76230,"BOWIE, TX",624,6,0,4,0,0,0,0,0,0,0,BOWIE,TX,MONTAGUE
2116618,76227,"AUBREY, TX",813,20,15,0,0,0,0,0,0,0,0,AUBREY,TX,DENTON
2116577,76227,"AUBREY, TX",624,14,3,0,4,4,0,0,0,0,0,AUBREY,TX,DENTON
2116394,76226,"ARGYLE, TX",813,35,25,4,0,3,0,0,0,0,0,ARGYLE,TX,DENTON
2116354,76226,"ARGYLE, TX",624,16,8,0,0,6,0,0,0,0,0,ARGYLE,TX,DENTON
2116327,76226,"ARGYLE, TX",611,16,13,0,0,0,0,0,0,0,0,ARGYLE,TX,DENTON
2116133,76225,"ALVORD, TX",813,4,3,0,0,0,0,0,0,0,0,ALVORD,TX,WISE
2116111,76210,"DENTON, TX",813,17,8,4,3,0,0,0,0,0,0,DENTON,TX,DENTON
2116074,76210,"DENTON, TX",624,16,6,0,3,5,0,0,0,0,0,DENTON,TX,DENTON
2116030,76210,"DENTON, TX",611,15,8,0,0,4,0,0,0,0,0,DENTON,TX,DENTON
2115865,76209,"DENTON, TX",813,18,10,0,3,0,0,0,0,0,0,DENTON,TX,DENTON
2115837,76209,"DENTON, TX",624,6,0,0,4,0,0,0,0,0,0,DENTON,TX,DENTON
2115759,76208,"DENTON, TX",813,6,4,0,0,0,0,0,0,0,0,DENTON,TX,DENTON
2115733,76208,"DENTON, TX",624,4,0,0,0,0,0,0,0,0,0,DENTON,TX,DENTON
2115715,76208,"DENTON, TX",611,4,0,0,0,0,0,0,0,0,0,DENTON,TX,DENTON
2115600,76207,"DENTON, TX",813,8,4,0,0,0,0,0,0,0,0,DENTON,TX,DENTON
2115583,76207,"DENTON, TX",624,5,0,0,0,0,0,0,0,0,0,DENTON,TX,DENTON
2115567,76207,"DENTON, TX",611,3,0,0,0,0,0,0,0,0,0,DENTON,TX,DENTON
2115453,76206,"DENTON, TX",813,3,3,0,0,0,0,0,0,0,0,DENTON,TX,DENTON
2115445,76205,"DENTON, TX",813,13,7,0,0,0,0,0,0,0,0,DENTON,TX,DENTON
2115404,76205,"DENTON, TX",624,8,3,3,0,0,0,0,0,0,0,DENTON,TX,DENTON
2115384,76205,"DENTON, TX",611,6,3,0,0,0,0,0,0,0,0,DENTON,TX,DENTON
2115173,76202,"DENTON, TX",813,7,6,0,0,0,0,0,0,0,0,DENTON,TX,DENTON
2115152,76201,"DENTON, TX",813,45,23,11,8,0,0,0,0,0,0,DENTON,TX,DENTON
2115097,76201,"DENTON, TX",624,34,10,7,12,4,0,0,0,0,0,DENTON,TX,DENTON
2115058,76201,"DENTON, TX",611,3,0,0,0,0,0,0,0,0,0,DENTON,TX,DENTON
2114848,76185,"FORT WORTH, TX",813,3,0,0,0,0,0,0,0,0,0,FORT WORTH,TX,TARRANT
2114834,76182,"NORTH RICHLAND HILLS, TX",813,19,14,0,0,0,0,0,0,0,0,NORTH RICHLAND HILLS,TX,TARRANT
2114800,76182,"NORTH RICHLAND HILLS, TX",624,10,3,0,6,0,0,0,0,0,0,NORTH RICHLAND HILLS,TX,TARRANT
2114785,76182,"NORTH RICHLAND HILLS, TX",611,8,5,0,0,0,0,0,0,0,0,NORTH RICHLAND HILLS,TX,TARRANT
2114647,76180,"NORTH RICHLAND HILLS, TX",813,31,23,0,0,0,0,0,0,0,0,NORTH RICHLAND HILLS,TX,TARRANT
2114605,76180,"NORTH RICHLAND HILLS, TX",624,20,7,9,3,0,0,0,0,0,0,NORTH RICHLAND HILLS,TX,TARRANT
2114572,76180,"NORTH RICHLAND HILLS, TX",611,11,6,0,0,0,0,0,0,0,0,NORTH RICHLAND HILLS,TX,TARRANT
2114353,76179,"FORT WORTH, TX",813,32,18,7,5,0,0,0,0,0,0,FORT WORTH,TX,TARRANT
2114314,76179,"FORT WORTH, TX",624,11,4,0,0,3,0,0,0,0,0,FORT WORTH,TX,TARRANT
2114290,76179,"FORT WORTH, TX",611,12,7,3,0,0,0,0,0,0,0,FORT WORTH,TX,TARRANT
2114075,76177,"FORT WORTH, TX",813,10,7,0,0,0,0,0,0,0,0,FORT WORTH,TX,TARRANT
2114031,76177,"FORT WORTH, TX",624,7,3,0,0,0,0,0,0,0,0,FORT WORTH,TX,TARRANT
2114017,76177,"FORT WORTH, TX",611,6,0,0,3,0,0,0,0,0,0,FORT WORTH,TX,TARRANT
2113780,76164,"FORT WORTH, TX",813,9,3,3,0,0,0,0,0,0,0,FORT WORTH,TX,TARRANT
2113748,76164,"FORT WORTH, TX",624,4,0,0,0,0,0,0,0,0,0,FORT WORTH,TX,TARRANT
2113645,76162,"FORT WORTH, TX",813,4,0,0,0,0,0,0,0,0,0,FORT WORTH,TX,TARRANT
2113639,76161,"FORT WORTH, TX",813,3,3,0,0,0,0,0,0,0,0,FORT WORTH,TX,TARRANT
2113611,76155,"FORT WORTH, TX",611,4,0,0,0,0,0,0,0,0,0,FORT WORTH,TX,TARRANT
2113488,76148,"FORT WORTH, TX",813,14,9,3,0,0,0,0,0,0,0,FORT WORTH,TX,TARRANT
2113454,76148,"FORT WORTH, TX",624,4,0,0,0,0,0,0,0,0,0,FORT WORTH,TX,TARRANT
2113436,76148,"FORT WORTH, TX",611,8,3,0,0,0,0,0,0,0,0,FORT WORTH,TX,TARRANT
2113302,76147,"FORT WORTH, TX",813,3,0,0,0,0,0,0,0,0,0,FORT WORTH,TX,TARRANT
2113294,76140,"FORT WORTH, TX",813,14,8,3,0,0,0,0,0,0,0,FORT WORTH,TX,TARRANT
2113263,76140,"FORT WORTH, TX",624,11,5,3,0,0,0,0,0,0,0,FORT WORTH,TX,TARRANT
2113047,76137,"FORT WORTH, TX",813,23,15,0,0,4,0,0,0,0,0,FORT WORTH,TX,TARRANT
2112994,76137,"FORT WORTH, TX",624,23,11,0,6,4,0,0,0,0,0,FORT WORTH,TX,TARRANT
2112969,76137,"FORT WORTH, TX",611,10,3,0,3,0,0,0,0,0,0,FORT WORTH,TX,TARRANT
2112760,76135,"FORT WORTH, TX",813,16,10,3,0,0,0,0,0,0,0,FORT WORTH,TX,TARRANT
2112730,76135,"FORT WORTH, TX",624,7,0,0,3,0,0,0,0,0,0,FORT WORTH,TX,TARRANT
2112553,76134,"FORT WORTH, TX",813,13,7,4,0,0,0,0,0,0,0,FORT WORTH,TX,TARRANT
2112524,76134,"FORT WORTH, TX",624,6,0,0,0,0,0,0,0,0,0,FORT WORTH,TX,TARRANT
2112518,76134,"FORT WORTH, TX",611,3,0,0,0,0,0,0,0,0,0,FORT WORTH,TX,TARRANT
2112439,76133,"FORT WORTH, TX",813,33,18,7,5,3,0,0,0,0,0,FORT WORTH,TX,TARRANT
2112402,76133,"FORT WORTH, TX",624,21,13,5,3,0,0,0,0,0,0,FORT WORTH,TX,TARRANT
2112377,76133,"FORT WORTH, TX",611,10,4,0,0,3,0,0,0,0,0,FORT WORTH,TX,TARRANT
2112214,76132,"FORT WORTH, TX",813,10,6,0,0,0,0,0,0,0,0,FORT WORTH,TX,TARRANT
2112166,76132,"FORT WORTH, TX",624,12,4,0,4,0,0,0,0,0,0,FORT WORTH,TX,TARRANT
2112116,76132,"FORT WORTH, TX",611,14,3,3,3,3,0,0,0,0,0,FORT WORTH,TX,TARRANT
2111915,76131,"FORT WORTH, TX",813,7,4,0,0,0,0,0,0,0,0,FORT WORTH,TX,TARRANT
2111875,76131,"FORT WORTH, TX",624,9,0,0,0,3,0,0,0,0,0,FORT WORTH,TX,TARRANT
2111862,76131,"FORT WORTH, TX",611,4,0,0,0,0,0,0,0,0,0,FORT WORTH,TX,TARRANT
2111717,76127,"NAVAL AIR STATION JRB, TX",611,3,0,0,0,0,0,0,0,0,0,NAVAL AIR STATION JRB,TX,TARRANT
2111700,76126,"FORT WORTH, TX",813,21,11,6,3,0,0,0,0,0,0,FORT WORTH,TX,TARRANT
2111673,76126,"FORT WORTH, TX",624,3,0,0,0,0,0,0,0,0,0,FORT WORTH,TX,TARRANT
2111659,76126,"FORT WORTH, TX",611,7,5,0,0,0,0,0,0,0,0,FORT WORTH,TX,TARRANT
2111499,76124,"FORT WORTH, TX",813,4,3,0,0,0,0,0,0,0,0,FORT WORTH,TX,TARRANT
2111491,76123,"FORT WORTH, TX",813,17,8,3,0,0,3,0,0,0,0,FORT WORTH,TX,TARRANT
2111465,76123,"FORT WORTH, TX",624,14,5,4,0,3,0,0,0,0,0,FORT WORTH,TX,TARRANT
2111384,76121,"FORT WORTH, TX",813,3,0,0,0,0,0,0,0,0,0,FORT WORTH,TX,TARRANT
2111377,76120,"FORT WORTH, TX",813,10,6,0,0,0,0,0,0,0,0,FORT WORTH,TX,TARRANT
2111356,76120,"FORT WORTH, TX",624,7,0,0,5,0,0,0,0,0,0,FORT WORTH,TX,TARRANT
2111342,76120,"FORT WORTH, TX",611,3,0,0,0,0,0,0,0,0,0,FORT WORTH,TX,TARRANT
2111269,76119,"FORT WORTH, TX",813,36,19,9,5,3,0,0,0,0,0,FORT WORTH,TX,TARRANT
2111235,76119,"FORT WORTH, TX",624,22,5,10,5,0,0,0,0,0,0,FORT WORTH,TX,TARRANT
2111019,76118,"FORT WORTH, TX",813,11,6,5,0,0,0,0,0,0,0,FORT WORTH,TX,TARRANT
2110998,76118,"FORT WORTH, TX",624,7,5,0,0,0,0,0,0,0,0,FORT WORTH,TX,TARRANT
2110990,76118,"FORT WORTH, TX",611,6,3,0,0,0,0,0,0,0,0,FORT WORTH,TX,TARRANT
2110802,76117,"HALTOM CITY, TX",813,25,15,6,3,0,0,0,0,0,0,HALTOM CITY,TX,TARRANT
2110761,76117,"HALTOM CITY, TX",624,4,0,0,0,0,0,0,0,0,0,HALTOM CITY,TX,TARRANT
2110749,76117,"HALTOM CITY, TX",611,7,6,0,0,0,0,0,0,0,0,HALTOM CITY,TX,TARRANT
2110494,76116,"FORT WORTH, TX",813,29,20,0,5,0,0,0,0,0,0,FORT WORTH,TX,TARRANT
2110432,76116,"FORT WORTH, TX",624,17,7,4,3,0,0,0,0,0,0,FORT WORTH,TX,TARRANT
2110389,76116,"FORT WORTH, TX",611,17,6,6,3,0,0,0,0,0,0,FORT WORTH,TX,TARRANT
2110065,76115,"FORT WORTH, TX",813,18,8,7,0,0,0,0,0,0,0,FORT WORTH,TX,TARRANT
2110034,76115,"FORT WORTH, TX",624,5,4,0,0,0,0,0,0,0,0,FORT WORTH,TX,TARRANT
2110025,76115,"FORT WORTH, TX",611,5,0,0,0,0,0,0,0,0,0,FORT WORTH,TX,TARRANT
2109897,76114,"FORT WORTH, TX",813,17,13,3,0,0,0,0,0,0,0,FORT WORTH,TX,TARRANT
2109862,76114,"FORT WORTH, TX",624,4,0,0,3,0,0,0,0,0,0,FORT WORTH,TX,TARRANT
2109851,76114,"FORT WORTH, TX",611,4,3,0,0,0,0,0,0,0,0,FORT WORTH,TX,TARRANT
2109723,76112,"FORT WORTH, TX",813,21,15,5,0,0,0,0,0,0,0,FORT WORTH,TX,TARRANT
2109684,76112,"FORT WORTH, TX",624,27,14,8,3,0,0,0,0,0,0,FORT WORTH,TX,TARRANT
2109663,76112,"FORT WORTH, TX",611,3,3,0,0,0,0,0,0,0,0,FORT WORTH,TX,TARRANT
2109503,76111,"FORT WORTH, TX",813,17,10,4,0,0,0,0,0,0,0,FORT WORTH,TX,TARRANT
2109471,76111,"FORT WORTH, TX",624,15,5,0,3,0,4,0,0,0,0,FORT WORTH,TX,TARRANT
2109456,76111,"FORT WORTH, TX",611,8,5,0,0,0,0,0,0,0,0,FORT WORTH,TX,TARRANT
2109259,76110,"FORT WORTH, TX",813,21,13,0,3,0,0,0,0,0,0,FORT WORTH,TX,TARRANT
2109219,76110,"FORT WORTH, TX",624,11,6,0,3,0,0,0,0,0,0,FORT WORTH,TX,TARRANT
2109205,76110,"FORT WORTH, TX",611,5,3,0,0,0,0,0,0,0,0,FORT WORTH,TX,TARRANT
2109006,76109,"FORT WORTH, TX",813,33,19,3,4,3,4,0,0,0,0,FORT WORTH,TX,TARRANT
2108961,76109,"FORT WORTH, TX",624,20,9,4,3,0,0,0,0,0,0,FORT WORTH,TX,TARRANT
2108925,76109,"FORT WORTH, TX",611,15,5,3,0,3,0,0,0,0,0,FORT WORTH,TX,TARRANT
2108718,76108,"FORT WORTH, TX",813,29,15,8,0,0,0,0,0,0,0,FORT WORTH,TX,TARRANT
2108677,76108,"FORT WORTH, TX",624,10,5,3,0,0,0,0,0,0,0,FORT WORTH,TX,TARRANT
2108657,76108,"FORT WORTH, TX",611,10,5,0,0,0,0,0,0,0,0,FORT WORTH,TX,TARRANT
2108479,76107,"FORT WORTH, TX",813,53,31,12,5,3,0,0,0,0,0,FORT WORTH,TX,TARRANT
2108401,76107,"FORT WORTH, TX",624,27,12,4,0,5,0,0,0,0,0,FORT WORTH,TX,TARRANT
2108353,76107,"FORT WORTH, TX",611,23,12,5,4,0,0,0,0,0,0,FORT WORTH,TX,TARRANT
2108022,76106,"FORT WORTH, TX",813,7,4,3,0,0,0,0,0,0,0,FORT WORTH,TX,TARRANT
2107997,76106,"FORT WORTH, TX",624,5,0,0,0,0,0,0,0,0,0,FORT WORTH,TX,TARRANT
2107987,76106,"FORT WORTH, TX",611,3,0,0,0,0,0,0,0,0,0,FORT WORTH,TX,TARRANT
2107785,76105,"FORT WORTH, TX",813,21,12,5,0,3,0,0,0,0,0,FORT WORTH,TX,TARRANT
2107769,76105,"FORT WORTH, TX",624,13,5,0,5,0,0,0,0,0,0,FORT WORTH,TX,TARRANT
2107760,76105,"FORT WORTH, TX",611,6,0,0,0,0,0,0,0,0,0,FORT WORTH,TX,TARRANT
2107681,76104,"FORT WORTH, TX",813,27,18,5,0,3,0,0,0,0,0,FORT WORTH,TX,TARRANT
2107630,76104,"FORT WORTH, TX",624,22,8,0,4,5,3,0,0,0,0,FORT WORTH,TX,TARRANT
2107575,76104,"FORT WORTH, TX",611,15,11,0,0,0,0,0,0,0,0,FORT WORTH,TX,TARRANT
2107384,76103,"FORT WORTH, TX",813,13,6,4,0,0,0,0,0,0,0,FORT WORTH,TX,TARRANT
2107361,76103,"FORT WORTH, TX",624,14,4,6,0,0,0,0,0,0,0,FORT WORTH,TX,TARRANT
2107266,76102,"FORT WORTH, TX",813,54,26,10,7,6,3,0,0,0,0,FORT WORTH,TX,TARRANT
2107216,76102,"FORT WORTH, TX",624,25,11,4,0,5,3,0,0,0,0,FORT WORTH,TX,TARRANT
2107187,76102,"FORT WORTH, TX",611,8,7,0,0,0,0,0,0,0,0,FORT WORTH,TX,TARRANT
2106960,76101,"FORT WORTH, TX",813,3,0,0,0,0,0,0,0,0,0,FORT WORTH,TX,TARRANT
2106933,76098,"AZLE, TX",813,3,0,0,0,0,0,0,0,0,0,AZLE,TX,PARKER
2106892,76092,"SOUTHLAKE, TX",813,29,15,6,0,0,0,0,0,0,0,SOUTHLAKE,TX,TARRANT
2106830,76092,"SOUTHLAKE, TX",624,30,10,5,4,10,0,0,0,0,0,SOUTHLAKE,TX,TARRANT
2106782,76092,"SOUTHLAKE, TX",611,41,18,8,7,8,0,0,0,0,0,SOUTHLAKE,TX,TARRANT
2106422,76088,"WEATHERFORD, TX",813,13,9,3,0,0,0,0,0,0,0,WEATHERFORD,TX,PARKER
2106401,76088,"WEATHERFORD, TX",624,5,0,0,0,0,0,0,0,0,0,WEATHERFORD,TX,PARKER
2106280,76087,"WEATHERFORD, TX",813,24,12,4,6,0,0,0,0,0,0,WEATHERFORD,TX,PARKER
2106237,76087,"WEATHERFORD, TX",624,5,0,0,0,4,0,0,0,0,0,WEATHERFORD,TX,PARKER
2106222,76087,"WEATHERFORD, TX",611,5,3,0,0,0,0,0,0,0,0,WEATHERFORD,TX,PARKER
2106015,76086,"WEATHERFORD, TX",813,34,19,8,4,0,0,0,0,0,0,WEATHERFORD,TX,PARKER
2105968,76086,"WEATHERFORD, TX",624,19,4,0,9,4,0,0,0,0,0,WEATHERFORD,TX,PARKER
2105931,76086,"WEATHERFORD, TX",611,6,0,0,0,0,0,0,0,0,0,WEATHERFORD,TX,PARKER
2105680,76085,"WEATHERFORD, TX",813,4,3,0,0,0,0,0,0,0,0,WEATHERFORD,TX,PARKER
2105607,76084,"VENUS, TX",813,3,0,0,0,0,0,0,0,0,0,VENUS,TX,JOHNSON
2105548,76082,"SPRINGTOWN, TX",813,13,9,0,3,0,0,0,0,0,0,SPRINGTOWN,TX,PARKER
2105525,76082,"SPRINGTOWN, TX",624,7,0,4,0,0,0,0,0,0,0,SPRINGTOWN,TX,PARKER
2105419,76078,"RHOME, TX",813,5,3,0,0,0,0,0,0,0,0,RHOME,TX,WISE
2105411,76078,"RHOME, TX",624,3,0,0,0,0,0,0,0,0,0,RHOME,TX,WISE
2105345,76073,"PARADISE, TX",813,5,3,0,0,0,0,0,0,0,0,PARADISE,TX,WISE
2105308,76071,"NEWARK, TX",813,4,0,0,0,0,0,0,0,0,0,NEWARK,TX,WISE
2105290,76068,"MINERAL WELLS, TX",813,3,0,0,0,0,0,0,0,0,0,MINERAL WELLS,TX,PALO PINTO
2105283,76067,"MINERAL WELLS, TX",813,22,15,6,0,0,0,0,0,0,0,MINERAL WELLS,TX,PALO PINTO
2105251,76067,"MINERAL WELLS, TX",624,10,5,0,0,0,0,0,0,0,0,MINERAL WELLS,TX,PALO PINTO
2105096,76066,"MILLSAP, TX",813,3,0,0,0,0,0,0,0,0,0,MILLSAP,TX,PARKER
2105050,76065,"MIDLOTHIAN, TX",813,35,20,7,4,3,0,0,0,0,0,MIDLOTHIAN,TX,ELLIS
2105004,76065,"MIDLOTHIAN, TX",624,24,12,3,4,3,0,0,0,0,0,MIDLOTHIAN,TX,ELLIS
2104976,76065,"MIDLOTHIAN, TX",611,12,6,0,3,0,0,0,0,0,0,MIDLOTHIAN,TX,ELLIS
2104725,76064,"MAYPEARL, TX",813,4,3,0,0,0,0,0,0,0,0,MAYPEARL,TX,ELLIS
2104695,76063,"MANSFIELD, TX",813,48,31,5,7,3,0,0,0,0,0,MANSFIELD,TX,TARRANT
2104628,76063,"MANSFIELD, TX",624,30,12,7,6,4,0,0,0,0,0,MANSFIELD,TX,TARRANT
2104570,76063,"MANSFIELD, TX",611,36,16,9,9,0,0,0,0,0,0,MANSFIELD,TX,TARRANT
2104199,76060,"KENNEDALE, TX",813,6,4,0,0,0,0,0,0,0,0,KENNEDALE,TX,TARRANT
2104185,76060,"KENNEDALE, TX",611,3,3,0,0,0,0,0,0,0,0,KENNEDALE,TX,TARRANT
2104098,76059,"KEENE, TX",611,3,0,0,0,0,0,0,0,0,0,KEENE,TX,JOHNSON
2104084,76058,"JOSHUA, TX",813,9,0,0,3,3,0,0,0,0,0,JOSHUA,TX,JOHNSON
2103955,76054,"HURST, TX",813,17,11,3,0,0,0,0,0,0,0,HURST,TX,TARRANT
2103917,76054,"HURST, TX",624,7,0,0,0,0,0,0,0,0,0,HURST,TX,TARRANT
2103887,76054,"HURST, TX",611,10,6,0,0,0,0,0,0,0,0,HURST,TX,TARRANT
2103754,76053,"HURST, TX",813,29,14,6,6,0,3,0,0,0,0,HURST,TX,TARRANT
2103712,76053,"HURST, TX",624,10,3,3,3,0,0,0,0,0,0,HURST,TX,TARRANT
2103688,76053,"HURST, TX",611,10,3,4,0,0,0,0,0,0,0,HURST,TX,TARRANT
2103444,76052,"HASLET, TX",813,8,4,0,0,0,0,0,0,0,0,HASLET,TX,TARRANT
2103421,76052,"HASLET, TX",624,7,0,0,3,0,0,0,0,0,0,HASLET,TX,TARRANT
2103249,76051,"GRAPEVINE, TX",813,33,14,6,5,6,0,0,0,0,0,GRAPEVINE,TX,TARRANT
2103171,76051,"GRAPEVINE, TX",624,25,12,3,8,0,0,0,0,0,0,GRAPEVINE,TX,TARRANT
2103115,76051,"GRAPEVINE, TX",611,35,22,7,4,0,0,0,0,0,0,GRAPEVINE,TX,TARRANT
2102699,76050,"GRANDVIEW, TX",813,11,8,0,0,0,0,0,0,0,0,GRANDVIEW,TX,JOHNSON
2102644,76049,"GRANBURY, TX",813,25,15,5,0,0,0,0,0,0,0,GRANBURY,TX,HOOD
2102604,76049,"GRANBURY, TX",624,8,3,0,0,0,0,0,0,0,0,GRANBURY,TX,HOOD
2102586,76049,"GRANBURY, TX",611,6,4,0,0,0,0,0,0,0,0,GRANBURY,TX,HOOD
2102370,76048,"GRANBURY, TX",813,38,21,7,7,0,0,0,0,0,0,GRANBURY,TX,HOOD
2102332,76048,"GRANBURY, TX",624,8,3,0,3,0,0,0,0,0,0,GRANBURY,TX,HOOD
2102289,76048,"GRANBURY, TX",611,9,7,0,0,0,0,0,0,0,0,GRANBURY,TX,HOOD
2102103,76044,"GODLEY, TX",813,4,3,0,0,0,0,0,0,0,0,GODLEY,TX,JOHNSON
2102049,76043,"GLEN ROSE, TX",813,10,8,0,0,0,0,0,0,0,0,GLEN ROSE,TX,SOMERVELL
2102029,76043,"GLEN ROSE, TX",624,4,0,0,0,0,0,0,0,0,0,GLEN ROSE,TX,SOMERVELL
2101955,76040,"EULESS, TX",813,15,8,0,0,0,0,0,0,0,0,EULESS,TX,TARRANT
2101913,76040,"EULESS, TX",624,10,0,0,6,0,0,0,0,0,0,EULESS,TX,TARRANT
2101895,76040,"EULESS, TX",611,8,6,0,0,0,0,0,0,0,0,EULESS,TX,TARRANT
2101705,76039,"EULESS, TX",813,15,8,4,0,0,0,0,0,0,0,EULESS,TX,TARRANT
2101668,76039,"EULESS, TX",624,7,4,0,0,0,0,0,0,0,0,EULESS,TX,TARRANT
2101650,76039,"EULESS, TX",611,4,0,0,0,0,0,0,0,0,0,EULESS,TX,TARRANT
2101492,76036,"CROWLEY, TX",813,20,11,0,4,0,0,0,0,0,0,CROWLEY,TX,TARRANT
2101452,76036,"CROWLEY, TX",624,15,9,3,0,0,0,0,0,0,0,CROWLEY,TX,TARRANT
2101436,76036,"CROWLEY, TX",611,7,4,0,0,3,0,0,0,0,0,CROWLEY,TX,TARRANT
2101285,76034,"COLLEYVILLE, TX",813,39,21,7,4,3,0,0,0,0,0,COLLEYVILLE,TX,TARRANT
2101238,76034,"COLLEYVILLE, TX",624,12,6,0,4,0,0,0,0,0,0,COLLEYVILLE,TX,TARRANT
2101198,76034,"COLLEYVILLE, TX",611,16,7,4,0,3,0,0,0,0,0,COLLEYVILLE,TX,TARRANT
2100978,76033,"CLEBURNE, TX",813,41,24,11,3,3,0,0,0,0,0,CLEBURNE,TX,JOHNSON
2100938,76033,"CLEBURNE, TX",624,6,0,0,0,0,0,0,0,0,0,CLEBURNE,TX,JOHNSON
2100904,76033,"CLEBURNE, TX",611,3,3,0,0,0,0,0,0,0,0,CLEBURNE,TX,JOHNSON
2100710,76031,"CLEBURNE, TX",813,13,7,0,3,0,0,0,0,0,0,CLEBURNE,TX,JOHNSON
2100689,76031,"CLEBURNE, TX",624,4,0,0,0,0,0,0,0,0,0,CLEBURNE,TX,JOHNSON
2100675,76031,"CLEBURNE, TX",611,3,0,0,0,0,0,0,0,0,0,CLEBURNE,TX,JOHNSON
2100554,76028,"BURLESON, TX",813,37,21,4,6,5,0,0,0,0,0,BURLESON,TX,JOHNSON
2100493,76028,"BURLESON, TX",624,26,8,6,7,4,0,0,0,0,0,BURLESON,TX,JOHNSON
2100444,76028,"BURLESON, TX",611,19,10,5,3,0,0,0,0,0,0,BURLESON,TX,JOHNSON
2100106,76023,"BOYD, TX",813,8,7,0,0,0,0,0,0,0,0,BOYD,TX,WISE
2100037,76022,"BEDFORD, TX",813,7,0,3,0,0,0,0,0,0,0,BEDFORD,TX,TARRANT
2100015,76022,"BEDFORD, TX",624,3,0,0,0,0,0,0,0,0,0,BEDFORD,TX,TARRANT
2099990,76022,"BEDFORD, TX",611,5,3,0,0,0,0,0,0,0,0,BEDFORD,TX,TARRANT
2099892,76021,"BEDFORD, TX",813,30,16,5,4,5,0,0,0,0,0,BEDFORD,TX,TARRANT
2099853,76021,"BEDFORD, TX",624,17,5,0,8,0,0,0,0,0,0,BEDFORD,TX,TARRANT
2099823,76021,"BEDFORD, TX",611,14,9,4,0,0,0,0,0,0,0,BEDFORD,TX,TARRANT
2099621,76020,"AZLE, TX",813,20,10,6,3,0,0,0,0,0,0,AZLE,TX,TARRANT
2099583,76020,"AZLE, TX",624,11,5,0,0,0,0,0,0,0,0,AZLE,TX,TARRANT
2099407,76018,"ARLINGTON, TX",813,11,7,0,0,0,0,0,0,0,0,ARLINGTON,TX,TARRANT
2099375,76018,"ARLINGTON, TX",624,12,0,0,4,3,0,0,0,0,0,ARLINGTON,TX,TARRANT
2099349,76018,"ARLINGTON, TX",611,11,4,0,3,3,0,0,0,0,0,ARLINGTON,TX,TARRANT
2099184,76017,"ARLINGTON, TX",813,28,13,8,0,4,0,0,0,0,0,ARLINGTON,TX,TARRANT
2099137,76017,"ARLINGTON, TX",624,23,8,3,8,4,0,0,0,0,0,ARLINGTON,TX,TARRANT
2099104,76017,"ARLINGTON, TX",611,11,8,0,0,0,0,0,0,0,0,ARLINGTON,TX,TARRANT
2098911,76016,"ARLINGTON, TX",813,18,12,0,0,0,0,0,0,0,0,ARLINGTON,TX,TARRANT
2098878,76016,"ARLINGTON, TX",624,12,7,3,0,0,0,0,0,0,0,ARLINGTON,TX,TARRANT
2098845,76016,"ARLINGTON, TX",611,14,8,0,0,0,0,0,0,0,0,ARLINGTON,TX,TARRANT
2098690,76015,"ARLINGTON, TX",813,9,5,0,0,0,0,0,0,0,0,ARLINGTON,TX,TARRANT
2098651,76015,"ARLINGTON, TX",624,8,0,6,0,0,0,0,0,0,0,ARLINGTON,TX,TARRANT
2098616,76015,"ARLINGTON, TX",611,6,0,0,0,0,0,0,0,0,0,ARLINGTON,TX,TARRANT
2098414,76014,"ARLINGTON, TX",813,12,10,0,0,0,0,0,0,0,0,ARLINGTON,TX,TARRANT
2098392,76014,"ARLINGTON, TX",624,10,3,0,4,0,0,0,0,0,0,ARLINGTON,TX,TARRANT
2098277,76013,"ARLINGTON, TX",813,49,34,9,3,3,0,0,0,0,0,ARLINGTON,TX,TARRANT
2098229,76013,"ARLINGTON, TX",624,24,5,6,7,5,0,0,0,0,0,ARLINGTON,TX,TARRANT
2098196,76013,"ARLINGTON, TX",611,18,8,5,0,0,0,0,0,0,0,ARLINGTON,TX,TARRANT
2097952,76012,"ARLINGTON, TX",813,25,16,6,0,0,0,0,0,0,0,ARLINGTON,TX,TARRANT
2097905,76012,"ARLINGTON, TX",624,11,5,3,0,0,0,0,0,0,0,ARLINGTON,TX,TARRANT
2097874,76012,"ARLINGTON, TX",611,7,4,0,0,0,0,0,0,0,0,ARLINGTON,TX,TARRANT
2097731,76011,"ARLINGTON, TX",813,22,10,4,3,3,0,0,0,0,0,ARLINGTON,TX,TARRANT
2097670,76011,"ARLINGTON, TX",624,12,6,0,0,4,0,0,0,0,0,ARLINGTON,TX,TARRANT
2097634,76011,"ARLINGTON, TX",611,9,3,3,0,0,0,0,0,0,0,ARLINGTON,TX,TARRANT
2097269,76010,"ARLINGTON, TX",813,32,18,6,6,0,0,0,0,0,0,ARLINGTON,TX,TARRANT
2097220,76010,"ARLINGTON, TX",624,22,12,4,4,0,0,0,0,0,0,ARLINGTON,TX,TARRANT
2097206,76010,"ARLINGTON, TX",611,3,0,0,0,0,0,0,0,0,0,ARLINGTON,TX,TARRANT
2097002,76009,"ALVARADO, TX",813,13,8,0,0,0,0,0,0,0,0,ALVARADO,TX,JOHNSON
2096973,76009,"ALVARADO, TX",624,3,0,0,0,0,0,0,0,0,0,ALVARADO,TX,JOHNSON
2096836,76008,"ALEDO, TX",813,15,7,0,3,3,0,0,0,0,0,ALEDO,TX,PARKER
2096800,76008,"ALEDO, TX",624,7,0,0,0,3,0,0,0,0,0,ALEDO,TX,PARKER
2096785,76008,"ALEDO, TX",611,5,4,0,0,0,0,0,0,0,0,ALEDO,TX,PARKER
2096635,76006,"ARLINGTON, TX",813,14,7,5,0,0,0,0,0,0,0,ARLINGTON,TX,TARRANT
2096605,76006,"ARLINGTON, TX",624,10,3,0,4,0,0,0,0,0,0,ARLINGTON,TX,TARRANT
2096586,76006,"ARLINGTON, TX",611,7,0,0,4,0,0,0,0,0,0,ARLINGTON,TX,TARRANT
2096388,76002,"ARLINGTON, TX",813,6,3,0,0,0,0,0,0,0,0,ARLINGTON,TX,TARRANT
2096360,76002,"ARLINGTON, TX",624,11,5,0,0,0,0,0,0,0,0,ARLINGTON,TX,TARRANT
2096343,76002,"ARLINGTON, TX",611,3,0,0,0,0,0,0,0,0,0,ARLINGTON,TX,TARRANT
2096266,76001,"ARLINGTON, TX",813,5,4,0,0,0,0,0,0,0,0,ARLINGTON,TX,TARRANT
2096239,76001,"ARLINGTON, TX",624,5,3,0,0,0,0,0,0,0,0,ARLINGTON,TX,TARRANT
2096211,76001,"ARLINGTON, TX",611,8,5,0,0,0,0,0,0,0,0,ARLINGTON,TX,TARRANT
2096057,75980,"ZAVALLA, TX",813,3,0,0,0,0,0,0,0,0,0,ZAVALLA,TX,ANGELINA
2096048,75979,"WOODVILLE, TX",813,13,8,4,0,0,0,0,0,0,0,WOODVILLE,TX,TYLER
2096030,75979,"WOODVILLE, TX",624,9,7,0,0,0,0,0,0,0,0,WOODVILLE,TX,TYLER
2095952,75975,"TIMPSON, TX",813,3,0,0,0,0,0,0,0,0,0,TIMPSON,TX,SHELBY
2095923,75974,"TENAHA, TX",813,4,4,0,0,0,0,0,0,0,0,TENAHA,TX,SHELBY
2095900,75972,"SAN AUGUSTINE, TX",813,6,6,0,0,0,0,0,0,0,0,SAN AUGUSTINE,TX,SAN AUGUSTINE
2095892,75972,"SAN AUGUSTINE, TX",624,3,0,0,0,0,0,0,0,0,0,SAN AUGUSTINE,TX,SAN AUGUSTINE
2095832,75969,"POLLOK, TX",813,3,0,0,0,0,0,0,0,0,0,POLLOK,TX,ANGELINA
2095816,75968,"PINELAND, TX",624,3,0,0,0,0,0,0,0,0,0,PINELAND,TX,SABINE
2095804,75966,"NEWTON, TX",813,6,5,0,0,0,0,0,0,0,0,NEWTON,TX,NEWTON
2095798,75966,"NEWTON, TX",624,3,0,0,0,0,0,0,0,0,0,NEWTON,TX,NEWTON
2095759,75965,"NACOGDOCHES, TX",813,17,11,4,0,0,0,0,0,0,0,NACOGDOCHES,TX,NACOGDOCHES
2095737,75965,"NACOGDOCHES, TX",624,4,0,0,0,0,0,0,0,0,0,NACOGDOCHES,TX,NACOGDOCHES
2095705,75965,"NACOGDOCHES, TX",611,4,3,0,0,0,0,0,0,0,0,NACOGDOCHES,TX,NACOGDOCHES
2095590,75964,"NACOGDOCHES, TX",813,12,8,3,0,0,0,0,0,0,0,NACOGDOCHES,TX,NACOGDOCHES
2095563,75964,"NACOGDOCHES, TX",624,5,3,0,0,0,0,0,0,0,0,NACOGDOCHES,TX,NACOGDOCHES
2095446,75963,"NACOGDOCHES, TX",813,3,0,0,0,0,0,0,0,0,0,NACOGDOCHES,TX,NACOGDOCHES
2095428,75961,"NACOGDOCHES, TX",813,22,12,5,3,0,0,0,0,0,0,NACOGDOCHES,TX,NACOGDOCHES
2095390,75961,"NACOGDOCHES, TX",624,13,0,3,5,0,0,0,0,0,0,NACOGDOCHES,TX,NACOGDOCHES
2095370,75961,"NACOGDOCHES, TX",611,4,0,0,0,0,0,0,0,0,0,NACOGDOCHES,TX,NACOGDOCHES
2095198,75956,"KIRBYVILLE, TX",813,13,7,5,0,0,0,0,0,0,0,KIRBYVILLE,TX,JASPER
2095155,75954,"JOAQUIN, TX",813,4,3,0,0,0,0,0,0,0,0,JOAQUIN,TX,SHELBY
2095115,75951,"JASPER, TX",813,21,14,5,0,0,0,0,0,0,0,JASPER,TX,JASPER
2095088,75951,"JASPER, TX",624,5,0,0,0,0,0,0,0,0,0,JASPER,TX,JASPER
2094922,75949,"HUNTINGTON, TX",813,5,3,0,0,0,0,0,0,0,0,HUNTINGTON,TX,ANGELINA
2094881,75948,"HEMPHILL, TX",813,9,8,0,0,0,0,0,0,0,0,HEMPHILL,TX,SABINE
2094870,75948,"HEMPHILL, TX",624,3,0,0,0,0,0,0,0,0,0,HEMPHILL,TX,SABINE
2094808,75946,"GARRISON, TX",813,3,0,0,0,0,0,0,0,0,0,GARRISON,TX,NACOGDOCHES
2094788,75941,"DIBOLL, TX",813,8,7,0,0,0,0,0,0,0,0,DIBOLL,TX,ANGELINA
2094779,75941,"DIBOLL, TX",624,3,0,0,0,0,0,0,0,0,0,DIBOLL,TX,ANGELINA
2094747,75939,"CORRIGAN, TX",813,4,3,0,0,0,0,0,0,0,0,CORRIGAN,TX,POLK
2094720,75938,"COLMESNEIL, TX",813,3,0,0,0,0,0,0,0,0,0,COLMESNEIL,TX,TYLER
2094709,75935,"CENTER, TX",813,15,10,4,0,0,0,0,0,0,0,CENTER,TX,SHELBY
2094685,75935,"CENTER, TX",624,9,0,0,5,0,0,0,0,0,0,CENTER,TX,SHELBY
2094524,75932,"BURKEVILLE, TX",813,4,0,0,0,0,0,0,0,0,0,BURKEVILLE,TX,NEWTON
2094495,75930,"BRONSON, TX",813,3,3,0,0,0,0,0,0,0,0,BRONSON,TX,SABINE
2094470,75925,"ALTO, TX",813,7,5,0,0,0,0,0,0,0,0,ALTO,TX,CHEROKEE
2094452,75915,"LUFKIN, TX",813,7,7,0,0,0,0,0,0,0,0,LUFKIN,TX,ANGELINA
2094441,75904,"LUFKIN, TX",813,30,19,7,0,3,0,0,0,0,0,LUFKIN,TX,ANGELINA
2094396,75904,"LUFKIN, TX",624,22,5,6,5,4,0,0,0,0,0,LUFKIN,TX,ANGELINA
2094351,75904,"LUFKIN, TX",611,7,3,0,0,0,0,0,0,0,0,LUFKIN,TX,ANGELINA
2094160,75902,"LUFKIN, TX",813,4,3,0,0,0,0,0,0,0,0,LUFKIN,TX,ANGELINA
2094141,75901,"LUFKIN, TX",813,36,18,9,5,3,0,0,0,0,0,LUFKIN,TX,ANGELINA
2094093,75901,"LUFKIN, TX",624,23,8,0,10,4,0,0,0,0,0,LUFKIN,TX,ANGELINA
2094068,75901,"LUFKIN, TX",611,5,0,0,0,0,0,0,0,0,0,LUFKIN,TX,ANGELINA
2093810,75862,"TRINITY, TX",813,17,13,0,0,0,0,0,0,0,0,TRINITY,TX,TRINITY
2093755,75860,"TEAGUE, TX",813,6,4,0,0,0,0,0,0,0,0,TEAGUE,TX,FREESTONE
2093740,75860,"TEAGUE, TX",624,3,3,0,0,0,0,0,0,0,0,TEAGUE,TX,FREESTONE
2093690,75855,"OAKWOOD, TX",813,3,3,0,0,0,0,0,0,0,0,OAKWOOD,TX,LEON
2093674,75851,"LOVELADY, TX",813,4,0,0,0,0,0,0,0,0,0,LOVELADY,TX,HOUSTON
2093663,75847,"KENNARD, TX",813,5,3,0,0,0,0,0,0,0,0,KENNARD,TX,HOUSTON
2093659,75846,"JEWETT, TX",813,4,4,0,0,0,0,0,0,0,0,JEWETT,TX,LEON
2093628,75845,"GROVETON, TX",813,3,0,0,0,0,0,0,0,0,0,GROVETON,TX,TRINITY
2093610,75844,"GRAPELAND, TX",813,7,5,0,0,0,0,0,0,0,0,GRAPELAND,TX,HOUSTON
2093589,75840,"FAIRFIELD, TX",813,15,11,0,0,0,0,0,0,0,0,FAIRFIELD,TX,FREESTONE
2093566,75840,"FAIRFIELD, TX",624,3,0,0,0,0,0,0,0,0,0,FAIRFIELD,TX,FREESTONE
2093491,75839,"ELKHART, TX",813,4,4,0,0,0,0,0,0,0,0,ELKHART,TX,ANDERSON
2093461,75835,"CROCKETT, TX",813,14,10,4,0,0,0,0,0,0,0,CROCKETT,TX,HOUSTON
2093445,75835,"CROCKETT, TX",624,5,3,0,0,0,0,0,0,0,0,CROCKETT,TX,HOUSTON
2093337,75833,"CENTERVILLE, TX",813,6,5,0,0,0,0,0,0,0,0,CENTERVILLE,TX,LEON
2093291,75831,"BUFFALO, TX",813,11,10,0,0,0,0,0,0,0,0,BUFFALO,TX,LEON
2093227,75803,"PALESTINE, TX",813,12,9,0,0,0,0,0,0,0,0,PALESTINE,TX,ANDERSON
2093156,75802,"PALESTINE, TX",813,8,3,4,0,0,0,0,0,0,0,PALESTINE,TX,ANDERSON
2093139,75801,"PALESTINE, TX",813,28,16,7,4,0,0,0,0,0,0,PALESTINE,TX,ANDERSON
2093100,75801,"PALESTINE, TX",624,7,3,0,0,0,0,0,0,0,0,PALESTINE,TX,ANDERSON
2093074,75801,"PALESTINE, TX",611,4,0,0,0,0,0,0,0,0,0,PALESTINE,TX,ANDERSON
2092901,75792,"WINONA, TX",813,9,8,0,0,0,0,0,0,0,0,WINONA,TX,SMITH
2092879,75791,"WHITEHOUSE, TX",813,9,4,4,0,0,0,0,0,0,0,WHITEHOUSE,TX,SMITH
2092861,75791,"WHITEHOUSE, TX",624,7,3,0,0,0,0,0,0,0,0,WHITEHOUSE,TX,SMITH
2092855,75791,"WHITEHOUSE, TX",611,3,3,0,0,0,0,0,0,0,0,WHITEHOUSE,TX,SMITH
2092774,75790,"VAN, TX",813,11,8,0,0,0,0,0,0,0,0,VAN,TX,VAN ZANDT
2092761,75790,"VAN, TX",624,3,0,0,0,0,0,0,0,0,0,VAN,TX,VAN ZANDT
2092736,75789,"TROUP, TX",813,12,9,0,0,0,0,0,0,0,0,TROUP,TX,SMITH
2092682,75785,"RUSK, TX",813,15,11,0,0,0,0,0,0,0,0,RUSK,TX,CHEROKEE
2092611,75783,"QUITMAN, TX",813,16,9,7,0,0,0,0,0,0,0,QUITMAN,TX,WOOD
2092595,75783,"QUITMAN, TX",624,6,4,0,0,0,0,0,0,0,0,QUITMAN,TX,WOOD
2092535,75778,"MURCHISON, TX",813,6,3,0,0,0,0,0,0,0,0,MURCHISON,TX,HENDERSON
2092513,75773,"MINEOLA, TX",813,18,10,6,0,0,0,0,0,0,0,MINEOLA,TX,WOOD
2092490,75773,"MINEOLA, TX",624,6,0,0,0,0,0,0,0,0,0,MINEOLA,TX,WOOD
2092477,75773,"MINEOLA, TX",611,3,0,0,0,0,0,0,0,0,0,MINEOLA,TX,WOOD
2092382,75771,"LINDALE, TX",813,26,12,4,5,3,0,0,0,0,0,LINDALE,TX,SMITH
2092354,75771,"LINDALE, TX",624,5,3,0,0,0,0,0,0,0,0,LINDALE,TX,SMITH
2092214,75766,"JACKSONVILLE, TX",813,28,21,3,0,0,0,0,0,0,0,JACKSONVILLE,TX,CHEROKEE
2092188,75766,"JACKSONVILLE, TX",624,12,3,4,0,4,0,0,0,0,0,JACKSONVILLE,TX,CHEROKEE
2092167,75766,"JACKSONVILLE, TX",611,6,4,0,0,0,0,0,0,0,0,JACKSONVILLE,TX,CHEROKEE
2091985,75765,"HAWKINS, TX",813,9,3,3,0,0,0,0,0,0,0,HAWKINS,TX,WOOD
2091971,75765,"HAWKINS, TX",624,3,0,0,0,0,0,0,0,0,0,HAWKINS,TX,WOOD
2091918,75763,"FRANKSTON, TX",813,7,4,0,0,0,0,0,0,0,0,FRANKSTON,TX,ANDERSON
2091910,75763,"FRANKSTON, TX",624,3,0,0,0,0,0,0,0,0,0,FRANKSTON,TX,ANDERSON
2091862,75762,"FLINT, TX",813,13,8,0,3,0,0,0,0,0,0,FLINT,TX,SMITH
2091735,75758,"CHANDLER, TX",813,11,5,3,0,0,0,0,0,0,0,CHANDLER,TX,HENDERSON
2091678,75757,"BULLARD, TX",813,14,9,3,0,0,0,0,0,0,0,BULLARD,TX,SMITH
2091652,75757,"BULLARD, TX",611,3,0,0,0,0,0,0,0,0,0,BULLARD,TX,SMITH
2091567,75756,"BROWNSBORO, TX",813,5,3,0,0,0,0,0,0,0,0,BROWNSBORO,TX,HENDERSON
2091540,75755,"BIG SANDY, TX",813,4,4,0,0,0,0,0,0,0,0,BIG SANDY,TX,UPSHUR
2091532,75755,"BIG SANDY, TX",624,3,0,0,0,0,0,0,0,0,0,BIG SANDY,TX,UPSHUR
2091501,75754,"BEN WHEELER, TX",813,4,0,3,0,0,0,0,0,0,0,BEN WHEELER,TX,VAN ZANDT
2091466,75752,"ATHENS, TX",813,5,0,0,0,0,0,0,0,0,0,ATHENS,TX,HENDERSON
2091412,75751,"ATHENS, TX",813,37,18,14,3,0,0,0,0,0,0,ATHENS,TX,HENDERSON
2091382,75751,"ATHENS, TX",624,11,8,0,0,0,0,0,0,0,0,ATHENS,TX,HENDERSON
2091359,75751,"ATHENS, TX",611,4,0,0,0,0,0,0,0,0,0,ATHENS,TX,HENDERSON
2091195,75750,"ARP, TX",813,4,3,0,0,0,0,0,0,0,0,ARP,TX,SMITH
2091169,75713,"TYLER, TX",813,5,4,0,0,0,0,0,0,0,0,TYLER,TX,SMITH
2091159,75711,"TYLER, TX",813,10,10,0,0,0,0,0,0,0,0,TYLER,TX,SMITH
2091143,75709,"TYLER, TX",813,4,4,0,0,0,0,0,0,0,0,TYLER,TX,SMITH
2091089,75708,"TYLER, TX",813,6,3,0,0,0,0,0,0,0,0,TYLER,TX,SMITH
2091001,75707,"TYLER, TX",813,16,9,4,0,0,0,0,0,0,0,TYLER,TX,SMITH
2090981,75707,"TYLER, TX",624,6,3,0,0,0,0,0,0,0,0,TYLER,TX,SMITH
2090868,75706,"TYLER, TX",813,7,5,0,0,0,0,0,0,0,0,TYLER,TX,SMITH
2090804,75705,"TYLER, TX",813,4,3,0,0,0,0,0,0,0,0,TYLER,TX,SMITH
2090791,75704,"TYLER, TX",813,5,3,0,0,0,0,0,0,0,0,TYLER,TX,SMITH
2090708,75703,"TYLER, TX",813,40,15,9,8,5,0,0,0,0,0,TYLER,TX,SMITH
2090645,75703,"TYLER, TX",624,31,14,0,9,4,0,0,0,0,0,TYLER,TX,SMITH
2090600,75703,"TYLER, TX",611,14,8,0,0,3,0,0,0,0,0,TYLER,TX,SMITH
2090241,75702,"TYLER, TX",813,52,29,12,5,4,0,0,0,0,0,TYLER,TX,SMITH
2090201,75702,"TYLER, TX",624,21,7,4,5,3,0,0,0,0,0,TYLER,TX,SMITH
2090170,75702,"TYLER, TX",611,9,0,0,4,0,0,0,0,0,0,TYLER,TX,SMITH
2089935,75701,"TYLER, TX",813,68,37,13,5,10,0,0,0,0,0,TYLER,TX,SMITH
2089881,75701,"TYLER, TX",624,31,12,0,7,9,0,0,0,0,0,TYLER,TX,SMITH
2089824,75701,"TYLER, TX",611,19,7,5,0,0,0,0,0,0,0,TYLER,TX,SMITH
2089526,75693,"WHITE OAK, TX",813,7,4,3,0,0,0,0,0,0,0,WHITE OAK,TX,GREGG
2089510,75693,"WHITE OAK, TX",624,3,0,0,0,0,0,0,0,0,0,WHITE OAK,TX,GREGG
2089458,75692,"WASKOM, TX",813,4,0,0,0,0,0,0,0,0,0,WASKOM,TX,HARRISON
2089418,75691,"TATUM, TX",813,6,5,0,0,0,0,0,0,0,0,TATUM,TX,RUSK
2089386,75686,"PITTSBURG, TX",813,15,11,3,0,0,0,0,0,0,0,PITTSBURG,TX,CAMP
2089368,75686,"PITTSBURG, TX",624,5,3,0,0,0,0,0,0,0,0,PITTSBURG,TX,CAMP
2089281,75684,"OVERTON, TX",813,5,5,0,0,0,0,0,0,0,0,OVERTON,TX,RUSK
2089253,75683,"ORE CITY, TX",813,4,4,0,0,0,0,0,0,0,0,ORE CITY,TX,UPSHUR
2089235,75681,"MOUNT ENTERPRISE, TX",813,5,4,0,0,0,0,0,0,0,0,MOUNT ENTERPRISE,TX,RUSK
2089226,75672,"MARSHALL, TX",813,9,4,4,0,0,0,0,0,0,0,MARSHALL,TX,HARRISON
2089209,75672,"MARSHALL, TX",624,5,0,0,0,0,0,0,0,0,0,MARSHALL,TX,HARRISON
2089108,75671,"MARSHALL, TX",813,5,3,0,0,0,0,0,0,0,0,MARSHALL,TX,HARRISON
2089090,75670,"MARSHALL, TX",813,28,13,7,5,3,0,0,0,0,0,MARSHALL,TX,HARRISON
2089052,75670,"MARSHALL, TX",624,6,3,0,0,0,0,0,0,0,0,MARSHALL,TX,HARRISON
2088853,75663,"KILGORE, TX",813,4,0,0,0,0,0,0,0,0,0,KILGORE,TX,GREGG
2088831,75662,"KILGORE, TX",813,22,10,9,0,0,0,0,0,0,0,KILGORE,TX,GREGG
2088803,75662,"KILGORE, TX",624,8,3,0,3,0,0,0,0,0,0,KILGORE,TX,GREGG
2088583,75657,"JEFFERSON, TX",813,9,7,0,0,0,0,0,0,0,0,JEFFERSON,TX,MARION
2088565,75657,"JEFFERSON, TX",624,3,0,0,0,0,0,0,0,0,0,JEFFERSON,TX,MARION
2088509,75656,"HUGHES SPRINGS, TX",813,7,5,0,0,0,0,0,0,0,0,HUGHES SPRINGS,TX,CASS
2088459,75654,"HENDERSON, TX",813,12,7,5,0,0,0,0,0,0,0,HENDERSON,TX,RUSK
2088442,75654,"HENDERSON, TX",624,5,0,0,3,0,0,0,0,0,0,HENDERSON,TX,RUSK
2088349,75653,"HENDERSON, TX",813,9,8,0,0,0,0,0,0,0,0,HENDERSON,TX,RUSK
2088339,75652,"HENDERSON, TX",813,16,11,0,0,0,0,0,0,0,0,HENDERSON,TX,RUSK
2088318,75652,"HENDERSON, TX",624,7,0,3,0,0,0,0,0,0,0,HENDERSON,TX,RUSK
2088187,75650,"HALLSVILLE, TX",813,9,4,0,0,0,0,0,0,0,0,HALLSVILLE,TX,HARRISON
2088175,75650,"HALLSVILLE, TX",624,3,0,0,0,0,0,0,0,0,0,HALLSVILLE,TX,HARRISON
2088120,75647,"GLADEWATER, TX",813,11,6,3,0,0,0,0,0,0,0,GLADEWATER,TX,GREGG
2088106,75647,"GLADEWATER, TX",624,4,0,0,3,0,0,0,0,0,0,GLADEWATER,TX,GREGG
2088011,75645,"GILMER, TX",813,6,4,0,0,0,0,0,0,0,0,GILMER,TX,UPSHUR
2087975,75644,"GILMER, TX",813,15,12,0,0,0,0,0,0,0,0,GILMER,TX,UPSHUR
2087957,75644,"GILMER, TX",624,4,0,0,0,0,0,0,0,0,0,GILMER,TX,UPSHUR
2087844,75640,"DIANA, TX",813,6,4,0,0,0,0,0,0,0,0,DIANA,TX,UPSHUR
2087808,75638,"DAINGERFIELD, TX",813,10,8,0,0,0,0,0,0,0,0,DAINGERFIELD,TX,MORRIS
2087797,75638,"DAINGERFIELD, TX",624,6,4,0,0,0,0,0,0,0,0,DAINGERFIELD,TX,MORRIS
2087761,75633,"CARTHAGE, TX",813,23,15,4,3,0,0,0,0,0,0,CARTHAGE,TX,PANOLA
2087739,75633,"CARTHAGE, TX",624,3,0,0,0,0,0,0,0,0,0,CARTHAGE,TX,PANOLA
2087577,75630,"AVINGER, TX",813,7,6,0,0,0,0,0,0,0,0,AVINGER,TX,CASS
2087563,75608,"LONGVIEW, TX",813,5,4,0,0,0,0,0,0,0,0,LONGVIEW,TX,GREGG
2087552,75607,"LONGVIEW, TX",813,6,4,0,0,0,0,0,0,0,0,LONGVIEW,TX,GREGG
2087546,75606,"LONGVIEW, TX",813,3,0,0,0,0,0,0,0,0,0,LONGVIEW,TX,GREGG
2087539,75606,"LONGVIEW, TX",624,4,0,0,3,0,0,0,0,0,0,LONGVIEW,TX,GREGG
2087513,75605,"LONGVIEW, TX",813,28,14,6,4,0,0,0,0,0,0,LONGVIEW,TX,GREGG
2087466,75605,"LONGVIEW, TX",624,12,0,0,0,5,0,0,0,0,0,LONGVIEW,TX,GREGG
2087425,75605,"LONGVIEW, TX",611,10,4,3,0,0,0,0,0,0,0,LONGVIEW,TX,GREGG
2087156,75604,"LONGVIEW, TX",813,35,21,4,6,3,0,0,0,0,0,LONGVIEW,TX,GREGG
2087109,75604,"LONGVIEW, TX",624,27,9,7,5,5,0,0,0,0,0,LONGVIEW,TX,GREGG
2087083,75604,"LONGVIEW, TX",611,7,3,0,0,0,0,0,0,0,0,LONGVIEW,TX,GREGG
2086810,75603,"LONGVIEW, TX",813,5,3,0,0,0,0,0,0,0,0,LONGVIEW,TX,GREGG
2086795,75603,"LONGVIEW, TX",624,3,0,0,0,0,0,0,0,0,0,LONGVIEW,TX,GREGG
2086725,75602,"LONGVIEW, TX",813,11,7,0,0,0,0,0,0,0,0,LONGVIEW,TX,GREGG
2086698,75602,"LONGVIEW, TX",624,6,0,0,3,0,0,0,0,0,0,LONGVIEW,TX,GREGG
2086695,75602,"LONGVIEW, TX",611,4,0,0,0,0,0,0,0,0,0,LONGVIEW,TX,GREGG
2086569,75601,"LONGVIEW, TX",813,32,17,6,4,3,0,0,0,0,0,LONGVIEW,TX,GREGG
2086511,75601,"LONGVIEW, TX",624,22,9,6,4,0,0,0,0,0,0,LONGVIEW,TX,GREGG
2086482,75601,"LONGVIEW, TX",611,8,3,0,0,0,0,0,0,0,0,LONGVIEW,TX,GREGG
2086240,75572,"QUEEN CITY, TX",813,11,7,0,0,0,0,0,0,0,0,QUEEN CITY,TX,CASS
2086212,75571,"OMAHA, TX",813,3,3,0,0,0,0,0,0,0,0,OMAHA,TX,MORRIS
2086198,75570,"NEW BOSTON, TX",813,15,11,3,0,0,0,0,0,0,0,NEW BOSTON,TX,BOWIE
2086176,75570,"NEW BOSTON, TX",624,6,0,4,0,0,0,0,0,0,0,NEW BOSTON,TX,BOWIE
2086088,75569,"NASH, TX",813,5,4,0,0,0,0,0,0,0,0,NASH,TX,BOWIE
2086052,75568,"NAPLES, TX",813,4,4,0,0,0,0,0,0,0,0,NAPLES,TX,MORRIS
2086040,75567,"MAUD, TX",813,4,3,0,0,0,0,0,0,0,0,MAUD,TX,BOWIE
2086027,75563,"LINDEN, TX",813,8,5,3,0,0,0,0,0,0,0,LINDEN,TX,CASS
2085990,75561,"HOOKS, TX",813,5,0,3,0,0,0,0,0,0,0,HOOKS,TX,BOWIE
2085962,75559,"DE KALB, TX",813,6,4,0,0,0,0,0,0,0,0,DE KALB,TX,BOWIE
2085922,75556,"BLOOMBURG, TX",813,3,0,0,0,0,0,0,0,0,0,BLOOMBURG,TX,CASS
2085904,75551,"ATLANTA, TX",813,20,15,3,0,0,0,0,0,0,0,ATLANTA,TX,CASS
2085791,75505,"TEXARKANA, TX",813,3,0,0,0,0,0,0,0,0,0,TEXARKANA,TX,BOWIE
2085772,75503,"TEXARKANA, TX",813,33,19,6,5,0,0,0,0,0,0,TEXARKANA,TX,BOWIE
2085728,75503,"TEXARKANA, TX",624,16,6,3,5,0,0,0,0,0,0,TEXARKANA,TX,BOWIE
2085683,75503,"TEXARKANA, TX",611,5,0,0,0,0,0,0,0,0,0,TEXARKANA,TX,BOWIE
2085458,75501,"TEXARKANA, TX",813,37,22,9,5,0,0,0,0,0,0,TEXARKANA,TX,BOWIE
2085416,75501,"TEXARKANA, TX",624,16,4,6,3,0,0,0,0,0,0,TEXARKANA,TX,BOWIE
2085397,75501,"TEXARKANA, TX",611,4,0,0,0,0,0,0,0,0,0,TEXARKANA,TX,BOWIE
2085169,75497,"YANTIS, TX",813,3,0,0,0,0,0,0,0,0,0,YANTIS,TX,WOOD
2085139,75496,"WOLFE CITY, TX",813,4,3,0,0,0,0,0,0,0,0,WOLFE CITY,TX,HUNT
2085122,75495,"VAN ALSTYNE, TX",813,13,7,3,0,0,0,0,0,0,0,VAN ALSTYNE,TX,GRAYSON
2085107,75495,"VAN ALSTYNE, TX",624,3,0,0,0,0,0,0,0,0,0,VAN ALSTYNE,TX,GRAYSON
2085104,75495,"VAN ALSTYNE, TX",611,3,0,0,0,0,0,0,0,0,0,VAN ALSTYNE,TX,GRAYSON
2085027,75494,"WINNSBORO, TX",813,22,14,6,0,0,0,0,0,0,0,WINNSBORO,TX,WOOD
2085014,75494,"WINNSBORO, TX",624,4,3,0,0,0,0,0,0,0,0,WINNSBORO,TX,WOOD
2084921,75491,"WHITEWRIGHT, TX",813,3,3,0,0,0,0,0,0,0,0,WHITEWRIGHT,TX,GRAYSON
2084851,75486,"SUMNER, TX",813,4,3,0,0,0,0,0,0,0,0,SUMNER,TX,LAMAR
2084833,75483,"SULPHUR SPRINGS, TX",813,3,3,0,0,0,0,0,0,0,0,SULPHUR SPRINGS,TX,HOPKINS
2084824,75482,"SULPHUR SPRINGS, TX",813,30,17,7,3,0,0,0,0,0,0,SULPHUR SPRINGS,TX,HOPKINS
2084782,75482,"SULPHUR SPRINGS, TX",624,6,3,0,0,0,0,0,0,0,0,SULPHUR SPRINGS,TX,HOPKINS
2084757,75482,"SULPHUR SPRINGS, TX",611,3,0,0,0,0,0,0,0,0,0,SULPHUR SPRINGS,TX,HOPKINS
2084524,75474,"QUINLAN, TX",813,10,8,0,0,0,0,0,0,0,0,QUINLAN,TX,HUNT
2084509,75474,"QUINLAN, TX",624,4,0,0,0,0,0,0,0,0,0,QUINLAN,TX,HUNT
2084438,75473,"POWDERLY, TX",813,5,3,0,0,0,0,0,0,0,0,POWDERLY,TX,LAMAR
2084413,75472,"POINT, TX",813,4,3,0,0,0,0,0,0,0,0,POINT,TX,RAINS
2084391,75462,"PARIS, TX",813,11,8,0,0,0,0,0,0,0,0,PARIS,TX,LAMAR
2084289,75461,"PARIS, TX",813,10,7,0,0,0,0,0,0,0,0,PARIS,TX,LAMAR
2084273,75460,"PARIS, TX",813,34,18,11,3,0,0,0,0,0,0,PARIS,TX,LAMAR
2084221,75460,"PARIS, TX",624,20,7,5,3,3,0,0,0,0,0,PARIS,TX,LAMAR
2083969,75459,"HOWE, TX",813,5,3,0,0,0,0,0,0,0,0,HOWE,TX,GRAYSON
2083936,75457,"MOUNT VERNON, TX",813,11,7,0,0,0,0,0,0,0,0,MOUNT VERNON,TX,FRANKLIN
2083926,75457,"MOUNT VERNON, TX",624,4,0,0,0,0,0,0,0,0,0,MOUNT VERNON,TX,FRANKLIN
2083884,75456,"MOUNT PLEASANT, TX",813,7,3,0,0,0,0,0,0,0,0,MOUNT PLEASANT,TX,TITUS
2083874,75455,"MOUNT PLEASANT, TX",813,24,16,5,3,0,0,0,0,0,0,MOUNT PLEASANT,TX,TITUS
2083830,75455,"MOUNT PLEASANT, TX",624,15,9,0,3,0,0,0,0,0,0,MOUNT PLEASANT,TX,TITUS
2083803,75455,"MOUNT PLEASANT, TX",611,7,4,0,0,0,0,0,0,0,0,MOUNT PLEASANT,TX,TITUS
2083621,75454,"MELISSA, TX",813,7,5,0,0,0,0,0,0,0,0,MELISSA,TX,COLLIN
2083603,75454,"MELISSA, TX",624,5,4,0,0,0,0,0,0,0,0,MELISSA,TX,COLLIN
2083512,75453,"LONE OAK, TX",813,3,3,0,0,0,0,0,0,0,0,LONE OAK,TX,HUNT
2083492,75452,"LEONARD, TX",813,3,0,0,0,0,0,0,0,0,0,LEONARD,TX,FANNIN
2083459,75447,"IVANHOE, TX",813,4,3,0,0,0,0,0,0,0,0,IVANHOE,TX,FANNIN
2083453,75446,"HONEY GROVE, TX",813,5,4,0,0,0,0,0,0,0,0,HONEY GROVE,TX,FANNIN
2083430,75442,"FARMERSVILLE, TX",813,10,6,0,0,0,0,0,0,0,0,FARMERSVILLE,TX,COLLIN
2083414,75442,"FARMERSVILLE, TX",624,3,0,0,0,0,0,0,0,0,0,FARMERSVILLE,TX,COLLIN
2083335,75440,"EMORY, TX",813,11,9,0,0,0,0,0,0,0,0,EMORY,TX,RAINS
2083254,75436,"DETROIT, TX",813,3,3,0,0,0,0,0,0,0,0,DETROIT,TX,RED RIVER
2083233,75432,"COOPER, TX",813,7,6,0,0,0,0,0,0,0,0,COOPER,TX,DELTA
2083202,75429,"COMMERCE, TX",813,3,3,0,0,0,0,0,0,0,0,COMMERCE,TX,HUNT
2083196,75428,"COMMERCE, TX",813,9,6,3,0,0,0,0,0,0,0,COMMERCE,TX,HUNT
2083172,75428,"COMMERCE, TX",624,5,0,0,0,0,0,0,0,0,0,COMMERCE,TX,HUNT
2083107,75426,"CLARKSVILLE, TX",813,7,7,0,0,0,0,0,0,0,0,CLARKSVILLE,TX,RED RIVER
2083058,75424,"BLUE RIDGE, TX",813,8,7,0,0,0,0,0,0,0,0,BLUE RIDGE,TX,COLLIN
2082996,75418,"BONHAM, TX",813,22,13,8,0,0,0,0,0,0,0,BONHAM,TX,FANNIN
2082974,75418,"BONHAM, TX",624,7,4,0,0,0,0,0,0,0,0,BONHAM,TX,FANNIN
2082872,75417,"BOGATA, TX",813,4,3,0,0,0,0,0,0,0,0,BOGATA,TX,RED RIVER
2082855,75416,"BLOSSOM, TX",813,3,3,0,0,0,0,0,0,0,0,BLOSSOM,TX,LAMAR
2082837,75414,"BELLS, TX",813,3,0,0,0,0,0,0,0,0,0,BELLS,TX,GRAYSON
2082819,75410,"ALBA, TX",813,5,3,0,0,0,0,0,0,0,0,ALBA,TX,WOOD
2082787,75409,"ANNA, TX",813,10,7,3,0,0,0,0,0,0,0,ANNA,TX,COLLIN
2082761,75409,"ANNA, TX",624,6,4,0,0,0,0,0,0,0,0,ANNA,TX,COLLIN
2082674,75407,"PRINCETON, TX",813,8,6,0,0,0,0,0,0,0,0,PRINCETON,TX,COLLIN
2082566,75404,"GREENVILLE, TX",813,3,3,0,0,0,0,0,0,0,0,GREENVILLE,TX,HUNT
2082553,75402,"GREENVILLE, TX",813,25,14,8,0,0,0,0,0,0,0,GREENVILLE,TX,HUNT
2082520,75402,"GREENVILLE, TX",624,6,0,0,0,0,0,0,0,0,0,GREENVILLE,TX,HUNT
2082493,75402,"GREENVILLE, TX",611,6,4,0,0,0,0,0,0,0,0,GREENVILLE,TX,HUNT
2082330,75401,"GREENVILLE, TX",813,26,15,7,4,0,0,0,0,0,0,GREENVILLE,TX,HUNT
2082306,75401,"GREENVILLE, TX",624,10,3,0,4,0,0,0,0,0,0,GREENVILLE,TX,HUNT
2082145,75376,"DALLAS, TX",813,4,0,0,0,0,0,0,0,0,0,DALLAS,TX,DALLAS
2082134,75367,"DALLAS, TX",813,3,3,0,0,0,0,0,0,0,0,DALLAS,TX,DALLAS
2082128,75360,"DALLAS, TX",813,4,3,0,0,0,0,0,0,0,0,DALLAS,TX,DALLAS
2082115,75355,"DALLAS, TX",813,3,0,0,0,0,0,0,0,0,0,DALLAS,TX,DALLAS
2082112,75354,"DALLAS, TX",813,3,0,0,0,0,0,0,0,0,0,DALLAS,TX,DALLAS
2082099,75315,"DALLAS, TX",813,3,0,0,0,0,0,0,0,0,0,DALLAS,TX,DALLAS
2082091,75287,"DALLAS, TX",813,8,4,0,0,0,0,0,0,0,0,DALLAS,TX,COLLIN
2082046,75287,"DALLAS, TX",624,9,3,3,3,0,0,0,0,0,0,DALLAS,TX,COLLIN
2082016,75287,"DALLAS, TX",611,11,8,0,0,0,0,0,0,0,0,DALLAS,TX,COLLIN
2081820,75261,"DALLAS, TX",813,4,4,0,0,0,0,0,0,0,0,DALLAS,TX,DALLAS
2081787,75261,"DALLAS, TX",611,4,0,0,0,0,0,0,0,0,0,DALLAS,TX,DALLAS
2081665,75254,"DALLAS, TX",813,18,8,4,0,4,0,0,0,0,0,DALLAS,TX,DALLAS
2081617,75254,"DALLAS, TX",624,4,0,0,0,0,0,0,0,0,0,DALLAS,TX,DALLAS
2081580,75254,"DALLAS, TX",611,9,5,0,0,0,0,0,0,0,0,DALLAS,TX,DALLAS
2081320,75253,"DALLAS, TX",624,3,0,0,0,0,0,0,0,0,0,DALLAS,TX,DALLAS
2081265,75252,"DALLAS, TX",813,18,10,3,0,0,0,0,0,0,0,DALLAS,TX,COLLIN
2081223,75252,"DALLAS, TX",624,11,6,0,0,0,0,0,0,0,0,DALLAS,TX,COLLIN
2081185,75252,"DALLAS, TX",611,22,14,4,3,0,0,0,0,0,0,DALLAS,TX,COLLIN
2080974,75251,"DALLAS, TX",813,18,8,5,0,3,0,0,0,0,0,DALLAS,TX,DALLAS
2080940,75251,"DALLAS, TX",611,5,0,0,0,3,0,0,0,0,0,DALLAS,TX,DALLAS
2080794,75249,"DALLAS, TX",624,3,0,0,0,0,0,0,0,0,0,DALLAS,TX,DALLAS
2080767,75248,"DALLAS, TX",813,29,22,3,0,3,0,0,0,0,0,DALLAS,TX,DALLAS
2080717,75248,"DALLAS, TX",624,18,10,0,0,0,0,0,0,0,0,DALLAS,TX,DALLAS
2080675,75248,"DALLAS, TX",611,23,18,0,0,0,0,0,0,0,0,DALLAS,TX,DALLAS
2080416,75247,"DALLAS, TX",813,25,15,4,0,3,0,0,0,0,0,DALLAS,TX,DALLAS
2080370,75247,"DALLAS, TX",624,23,4,6,6,3,0,3,0,0,0,DALLAS,TX,DALLAS
2080349,75247,"DALLAS, TX",611,9,6,0,0,0,0,0,0,0,0,DALLAS,TX,DALLAS
2079962,75246,"DALLAS, TX",813,6,0,0,0,0,0,0,0,0,0,DALLAS,TX,DALLAS
2079948,75246,"DALLAS, TX",624,6,0,0,3,0,0,0,0,0,0,DALLAS,TX,DALLAS
2079923,75246,"DALLAS, TX",611,3,0,0,0,0,0,0,0,0,0,DALLAS,TX,DALLAS
2079874,75244,"DALLAS, TX",813,30,15,5,0,4,0,0,0,0,0,DALLAS,TX,DALLAS
2079829,75244,"DALLAS, TX",624,9,4,3,0,0,0,0,0,0,0,DALLAS,TX,DALLAS
2079784,75244,"DALLAS, TX",611,28,16,4,3,0,0,0,0,0,0,DALLAS,TX,DALLAS
2079438,75243,"DALLAS, TX",813,41,26,9,0,4,0,0,0,0,0,DALLAS,TX,DALLAS
2079377,75243,"DALLAS, TX",624,34,13,6,10,0,0,3,0,0,0,DALLAS,TX,DALLAS
2079325,75243,"DALLAS, TX",611,25,14,5,0,3,0,0,0,0,0,DALLAS,TX,DALLAS
2078980,75241,"DALLAS, TX",813,18,11,5,0,0,0,0,0,0,0,DALLAS,TX,DALLAS
2078957,75241,"DALLAS, TX",624,12,5,5,0,0,0,0,0,0,0,DALLAS,TX,DALLAS
2078950,75241,"DALLAS, TX",611,4,0,0,0,0,0,0,0,0,0,DALLAS,TX,DALLAS
2078878,75240,"DALLAS, TX",813,23,13,4,3,3,0,0,0,0,0,DALLAS,TX,DALLAS
2078829,75240,"DALLAS, TX",624,13,8,0,0,0,0,0,0,0,0,DALLAS,TX,DALLAS
2078792,75240,"DALLAS, TX",611,10,4,0,5,0,0,0,0,0,0,DALLAS,TX,DALLAS
2078486,75238,"DALLAS, TX",813,37,22,7,3,4,0,0,0,0,0,DALLAS,TX,DALLAS
2078442,75238,"DALLAS, TX",624,11,3,0,0,4,0,0,0,0,0,DALLAS,TX,DALLAS
2078412,75238,"DALLAS, TX",611,9,7,0,0,0,0,0,0,0,0,DALLAS,TX,DALLAS
2078148,75237,"DALLAS, TX",813,7,3,0,0,0,0,0,0,0,0,DALLAS,TX,DALLAS
2078123,75237,"DALLAS, TX",624,15,0,5,4,0,0,0,0,0,0,DALLAS,TX,DALLAS
2078091,75237,"DALLAS, TX",611,12,7,0,0,3,0,0,0,0,0,DALLAS,TX,DALLAS
2077945,75236,"DALLAS, TX",813,7,0,0,0,0,0,0,0,0,0,DALLAS,TX,DALLAS
2077934,75236,"DALLAS, TX",624,6,0,0,0,0,0,0,0,0,0,DALLAS,TX,DALLAS
2077929,75236,"DALLAS, TX",611,7,0,0,0,0,0,0,0,0,0,DALLAS,TX,DALLAS
2077830,75235,"DALLAS, TX",813,11,5,3,0,0,0,0,0,0,0,DALLAS,TX,DALLAS
2077787,75235,"DALLAS, TX",624,20,8,4,0,4,0,0,0,0,0,DALLAS,TX,DALLAS
2077547,75234,"DALLAS, TX",813,39,28,5,0,5,0,0,0,0,0,DALLAS,TX,DALLAS
2077488,75234,"DALLAS, TX",624,13,6,0,0,3,0,0,0,0,0,DALLAS,TX,DALLAS
2077449,75234,"DALLAS, TX",611,22,11,5,0,0,0,0,0,0,0,DALLAS,TX,DALLAS
2077038,75233,"DALLAS, TX",813,10,5,4,0,0,0,0,0,0,0,DALLAS,TX,DALLAS
2077022,75233,"DALLAS, TX",624,4,0,0,0,0,0,0,0,0,0,DALLAS,TX,DALLAS
2076973,75232,"DALLAS, TX",813,19,7,6,3,0,0,0,0,0,0,DALLAS,TX,DALLAS
2076943,75232,"DALLAS, TX",624,12,8,0,0,0,0,0,0,0,0,DALLAS,TX,DALLAS
2076863,75231,"DALLAS, TX",813,28,16,0,3,0,3,0,0,0,0,DALLAS,TX,DALLAS
2076817,75231,"DALLAS, TX",624,20,9,5,3,0,0,0,0,0,0,DALLAS,TX,DALLAS
2076759,75231,"DALLAS, TX",611,28,14,0,8,5,0,0,0,0,0,DALLAS,TX,DALLAS
2076508,75230,"DALLAS, TX",813,38,22,6,4,4,0,0,0,0,0,DALLAS,TX,DALLAS
2076464,75230,"DALLAS, TX",624,18,9,0,3,0,0,0,0,0,0,DALLAS,TX,DALLAS
2076412,75230,"DALLAS, TX",611,30,11,3,7,3,3,3,0,0,0,DALLAS,TX,DALLAS
2076202,75229,"DALLAS, TX",813,34,22,7,0,0,0,0,0,0,0,DALLAS,TX,DALLAS
2076140,75229,"DALLAS, TX",624,14,6,4,0,0,0,0,0,0,0,DALLAS,TX,DALLAS
2076113,75229,"DALLAS, TX",611,21,7,5,0,0,0,0,3,0,0,DALLAS,TX,DALLAS
2075697,75228,"DALLAS, TX",813,38,21,9,4,4,0,0,0,0,0,DALLAS,TX,DALLAS
2075645,75228,"DALLAS, TX",624,30,12,5,5,3,0,3,0,0,0,DALLAS,TX,DALLAS
2075619,75228,"DALLAS, TX",611,8,3,0,0,0,0,0,0,0,0,DALLAS,TX,DALLAS
2075414,75227,"DALLAS, TX",813,18,11,3,3,0,0,0,0,0,0,DALLAS,TX,DALLAS
2075386,75227,"DALLAS, TX",624,10,5,4,0,0,0,0,0,0,0,DALLAS,TX,DALLAS
2075370,75227,"DALLAS, TX",611,7,0,0,3,0,0,0,0,0,0,DALLAS,TX,DALLAS
2075224,75226,"DALLAS, TX",813,9,3,3,0,0,0,0,0,0,0,DALLAS,TX,DALLAS
2075179,75226,"DALLAS, TX",624,5,3,0,0,0,0,0,0,0,0,DALLAS,TX,DALLAS
2075013,75225,"DALLAS, TX",813,45,23,5,4,4,5,4,0,0,0,DALLAS,TX,DALLAS
2074963,75225,"DALLAS, TX",624,6,3,0,0,0,0,0,0,0,0,DALLAS,TX,DALLAS
2074921,75225,"DALLAS, TX",611,13,6,0,0,0,0,0,0,0,0,DALLAS,TX,DALLAS
2074645,75224,"DALLAS, TX",813,22,15,3,0,0,0,0,0,0,0,DALLAS,TX,DALLAS
2074613,75224,"DALLAS, TX",624,13,6,5,0,0,0,0,0,0,0,DALLAS,TX,DALLAS
2074593,75224,"DALLAS, TX",611,4,0,0,0,0,0,0,0,0,0,DALLAS,TX,DALLAS
2074475,75223,"DALLAS, TX",813,8,5,0,0,0,0,0,0,0,0,DALLAS,TX,DALLAS
2074442,75223,"DALLAS, TX",611,7,0,0,0,4,0,0,0,0,0,DALLAS,TX,DALLAS
2074366,75222,"DALLAS, TX",813,5,4,0,0,0,0,0,0,0,0,DALLAS,TX,DALLAS
2074345,75220,"DALLAS, TX",813,10,7,0,0,0,0,0,0,0,0,DALLAS,TX,DALLAS
2074296,75220,"DALLAS, TX",624,8,4,0,0,0,0,0,0,0,0,DALLAS,TX,DALLAS
2074276,75220,"DALLAS, TX",611,7,0,0,0,3,0,0,0,0,0,DALLAS,TX,DALLAS
2073868,75219,"DALLAS, TX",813,48,29,7,5,4,0,0,0,0,0,DALLAS,TX,DALLAS
2073800,75219,"DALLAS, TX",624,19,12,3,0,0,0,0,0,0,0,DALLAS,TX,DALLAS
2073770,75219,"DALLAS, TX",611,12,10,0,0,0,0,0,0,0,0,DALLAS,TX,DALLAS
2073461,75218,"DALLAS, TX",813,26,17,0,4,3,0,0,0,0,0,DALLAS,TX,DALLAS
2073421,75218,"DALLAS, TX",624,12,5,3,0,0,0,0,0,0,0,DALLAS,TX,DALLAS
2073387,75218,"DALLAS, TX",611,12,6,0,0,3,0,0,0,0,0,DALLAS,TX,DALLAS
2073206,75217,"DALLAS, TX",813,31,21,6,4,0,0,0,0,0,0,DALLAS,TX,DALLAS
2073165,75217,"DALLAS, TX",624,12,3,5,0,0,0,0,0,0,0,DALLAS,TX,DALLAS
2073153,75217,"DALLAS, TX",611,9,3,3,0,3,0,0,0,0,0,DALLAS,TX,DALLAS
2072991,75216,"DALLAS, TX",813,46,33,10,3,0,0,0,0,0,0,DALLAS,TX,DALLAS
2072958,75216,"DALLAS, TX",624,12,5,4,3,0,0,0,0,0,0,DALLAS,TX,DALLAS
2072944,75216,"DALLAS, TX",611,4,0,0,0,0,0,0,0,0,0,DALLAS,TX,DALLAS
2072839,75215,"DALLAS, TX",813,26,22,3,0,0,0,0,0,0,0,DALLAS,TX,DALLAS
2072804,75215,"DALLAS, TX",624,26,9,6,4,5,0,0,0,0,0,DALLAS,TX,DALLAS
2072793,75215,"DALLAS, TX",611,7,4,0,0,0,0,0,0,0,0,DALLAS,TX,DALLAS
2072671,75214,"DALLAS, TX",813,30,21,5,0,0,0,0,0,0,0,DALLAS,TX,DALLAS
2072621,75214,"DALLAS, TX",624,13,8,0,3,0,0,0,0,0,0,DALLAS,TX,DALLAS
2072586,75214,"DALLAS, TX",611,20,5,5,5,0,0,0,0,0,0,DALLAS,TX,DALLAS
2072398,75212,"DALLAS, TX",813,17,11,3,0,0,0,0,0,0,0,DALLAS,TX,DALLAS
2072373,75212,"DALLAS, TX",624,10,0,0,4,3,0,0,0,0,0,DALLAS,TX,DALLAS
2072361,75212,"DALLAS, TX",611,4,0,0,0,0,0,0,0,0,0,DALLAS,TX,DALLAS
2072191,75211,"DALLAS, TX",813,20,10,7,0,3,0,0,0,0,0,DALLAS,TX,DALLAS
2072151,75211,"DALLAS, TX",624,8,4,3,0,0,0,0,0,0,0,DALLAS,TX,DALLAS
2072136,75211,"DALLAS, TX",611,4,0,0,0,0,0,0,0,0,0,DALLAS,TX,DALLAS
2071952,75210,"DALLAS, TX",813,9,6,0,0,0,0,0,0,0,0,DALLAS,TX,DALLAS
2071939,75210,"DALLAS, TX",624,3,0,0,0,0,0,0,0,0,0,DALLAS,TX,DALLAS
2071902,75209,"DALLAS, TX",813,18,10,5,0,0,0,0,0,0,0,DALLAS,TX,DALLAS
2071859,75209,"DALLAS, TX",624,6,3,0,0,0,0,0,0,0,0,DALLAS,TX,DALLAS
2071832,75209,"DALLAS, TX",611,5,0,0,0,0,0,0,0,0,0,DALLAS,TX,DALLAS
2071656,75208,"DALLAS, TX",813,31,15,7,7,0,0,0,0,0,0,DALLAS,TX,DALLAS
2071606,75208,"DALLAS, TX",624,19,8,0,4,0,3,0,0,0,0,DALLAS,TX,DALLAS
2071570,75208,"DALLAS, TX",611,20,12,0,0,3,0,0,0,0,0,DALLAS,TX,DALLAS
2071324,75207,"DALLAS, TX",813,13,5,0,5,0,0,0,0,0,0,DALLAS,TX,DALLAS
2071270,75207,"DALLAS, TX",624,6,0,0,0,3,0,0,0,0,0,DALLAS,TX,DALLAS
2071257,75207,"DALLAS, TX",611,10,3,0,0,0,0,0,0,0,0,DALLAS,TX,DALLAS
2070953,75206,"DALLAS, TX",813,36,20,6,5,5,0,0,0,0,0,DALLAS,TX,DALLAS
2070896,75206,"DALLAS, TX",624,21,9,3,0,6,0,0,0,0,0,DALLAS,TX,DALLAS
2070862,75206,"DALLAS, TX",611,16,9,0,0,3,0,0,0,0,0,DALLAS,TX,DALLAS
2070552,75205,"DALLAS, TX",813,32,17,9,0,0,0,3,0,0,0,DALLAS,TX,DALLAS
2070501,75205,"DALLAS, TX",624,7,4,0,0,0,0,0,0,0,0,DALLAS,TX,DALLAS
2070472,75205,"DALLAS, TX",611,16,11,0,0,0,0,0,0,0,0,DALLAS,TX,DALLAS
2070200,75204,"DALLAS, TX",813,53,29,10,6,5,0,0,0,0,0,DALLAS,TX,DALLAS
2070138,75204,"DALLAS, TX",624,30,14,7,0,7,0,0,0,0,0,DALLAS,TX,DALLAS
2070104,75204,"DALLAS, TX",611,14,6,0,3,0,0,0,0,0,0,DALLAS,TX,DALLAS
2069832,75203,"DALLAS, TX",813,14,5,4,4,0,0,0,0,0,0,DALLAS,TX,DALLAS
2069806,75203,"DALLAS, TX",624,7,0,0,3,0,0,0,0,0,0,DALLAS,TX,DALLAS
2069701,75202,"DALLAS, TX",813,10,7,0,0,0,0,0,0,0,0,DALLAS,TX,DALLAS
2069670,75202,"DALLAS, TX",624,8,4,0,0,0,0,0,0,0,0,DALLAS,TX,DALLAS
2069662,75202,"DALLAS, TX",611,6,3,0,0,0,0,0,0,0,0,DALLAS,TX,DALLAS
2069491,75201,"DALLAS, TX",813,65,43,5,4,4,3,4,0,0,0,DALLAS,TX,DALLAS
2069416,75201,"DALLAS, TX",624,18,6,3,3,4,0,0,0,0,0,DALLAS,TX,DALLAS
2069383,75201,"DALLAS, TX",611,10,5,0,0,0,0,0,0,0,0,DALLAS,TX,DALLAS
2069039,75189,"ROYSE CITY, TX",813,20,10,5,4,0,0,0,0,0,0,ROYSE CITY,TX,ROCKWALL
2069010,75189,"ROYSE CITY, TX",624,8,4,0,0,0,0,0,0,0,0,ROYSE CITY,TX,ROCKWALL
2068995,75189,"ROYSE CITY, TX",611,6,4,0,0,0,0,0,0,0,0,ROYSE CITY,TX,ROCKWALL
2068839,75185,"MESQUITE, TX",813,3,3,0,0,0,0,0,0,0,0,MESQUITE,TX,DALLAS
2068833,75182,"SUNNYVALE, TX",813,8,5,0,0,0,0,0,0,0,0,SUNNYVALE,TX,DALLAS
2068814,75182,"SUNNYVALE, TX",624,6,0,0,3,0,0,0,0,0,0,SUNNYVALE,TX,DALLAS
2068798,75182,"SUNNYVALE, TX",611,4,4,0,0,0,0,0,0,0,0,SUNNYVALE,TX,DALLAS
2068725,75181,"MESQUITE, TX",813,7,5,0,0,0,0,0,0,0,0,MESQUITE,TX,DALLAS
2068708,75181,"MESQUITE, TX",624,7,0,0,0,3,0,0,0,0,0,MESQUITE,TX,DALLAS
2068697,75181,"MESQUITE, TX",611,3,0,0,0,0,0,0,0,0,0,MESQUITE,TX,DALLAS
2068639,75180,"BALCH SPRINGS, TX",813,10,7,3,0,0,0,0,0,0,0,BALCH SPRINGS,TX,DALLAS
2068504,75173,"NEVADA, TX",813,3,0,0,0,0,0,0,0,0,0,NEVADA,TX,COLLIN
2068414,75169,"WILLS POINT, TX",813,17,11,4,0,0,0,0,0,0,0,WILLS POINT,TX,VAN ZANDT
2068401,75169,"WILLS POINT, TX",624,3,0,0,0,0,0,0,0,0,0,WILLS POINT,TX,VAN ZANDT
2068319,75168,"WAXAHACHIE, TX",813,9,9,0,0,0,0,0,0,0,0,WAXAHACHIE,TX,ELLIS
2068311,75167,"WAXAHACHIE, TX",813,6,5,0,0,0,0,0,0,0,0,WAXAHACHIE,TX,ELLIS
2068239,75166,"LAVON, TX",813,3,0,3,0,0,0,0,0,0,0,LAVON,TX,COLLIN
2068196,75165,"WAXAHACHIE, TX",813,42,23,10,4,4,0,0,0,0,0,WAXAHACHIE,TX,ELLIS
2068143,75165,"WAXAHACHIE, TX",624,18,8,0,6,0,0,0,0,0,0,WAXAHACHIE,TX,ELLIS
2068098,75165,"WAXAHACHIE, TX",611,15,10,0,0,0,0,0,0,0,0,WAXAHACHIE,TX,ELLIS
2067794,75161,"TERRELL, TX",813,3,0,0,0,0,0,0,0,0,0,TERRELL,TX,KAUFMAN
2067759,75160,"TERRELL, TX",813,22,15,6,0,0,0,0,0,0,0,TERRELL,TX,KAUFMAN
2067728,75160,"TERRELL, TX",624,6,5,0,0,0,0,0,0,0,0,TERRELL,TX,KAUFMAN
2067709,75160,"TERRELL, TX",611,4,0,0,0,0,0,0,0,0,0,TERRELL,TX,KAUFMAN
2067480,75159,"SEAGOVILLE, TX",813,11,6,4,0,0,0,0,0,0,0,SEAGOVILLE,TX,DALLAS
2067460,75159,"SEAGOVILLE, TX",624,5,3,0,0,0,0,0,0,0,0,SEAGOVILLE,TX,DALLAS
2067452,75159,"SEAGOVILLE, TX",611,6,6,0,0,0,0,0,0,0,0,SEAGOVILLE,TX,DALLAS
2067363,75158,"SCURRY, TX",813,3,0,0,0,0,0,0,0,0,0,SCURRY,TX,KAUFMAN
2067344,75156,"MABANK, TX",813,12,8,0,0,0,0,0,0,0,0,MABANK,TX,HENDERSON
2067330,75156,"MABANK, TX",624,3,0,0,0,3,0,0,0,0,0,MABANK,TX,HENDERSON
2067199,75154,"RED OAK, TX",813,24,12,7,3,0,0,0,0,0,0,RED OAK,TX,ELLIS
2067168,75154,"RED OAK, TX",624,10,4,0,3,0,0,0,0,0,0,RED OAK,TX,ELLIS
2067149,75154,"RED OAK, TX",611,6,3,3,0,0,0,0,0,0,0,RED OAK,TX,ELLIS
2066948,75151,"CORSICANA, TX",813,6,5,0,0,0,0,0,0,0,0,CORSICANA,TX,NAVARRO
2066937,75150,"MESQUITE, TX",813,30,21,6,0,0,0,0,0,0,0,MESQUITE,TX,DALLAS
2066886,75150,"MESQUITE, TX",624,21,5,6,9,0,0,0,0,0,0,MESQUITE,TX,DALLAS
2066850,75150,"MESQUITE, TX",611,10,5,0,0,0,0,0,0,0,0,MESQUITE,TX,DALLAS
2066571,75149,"MESQUITE, TX",813,33,15,8,7,3,0,0,0,0,0,MESQUITE,TX,DALLAS
2066525,75149,"MESQUITE, TX",624,14,7,3,0,3,0,0,0,0,0,MESQUITE,TX,DALLAS
2066494,75149,"MESQUITE, TX",611,9,5,0,0,0,0,0,0,0,0,MESQUITE,TX,DALLAS
2066282,75148,"MALAKOFF, TX",813,5,5,0,0,0,0,0,0,0,0,MALAKOFF,TX,HENDERSON
2066273,75148,"MALAKOFF, TX",624,3,0,0,0,0,0,0,0,0,0,MALAKOFF,TX,HENDERSON
2066230,75147,"MABANK, TX",813,13,5,7,0,0,0,0,0,0,0,MABANK,TX,KAUFMAN
2066210,75147,"MABANK, TX",624,6,3,0,0,0,0,0,0,0,0,MABANK,TX,KAUFMAN
2066154,75146,"LANCASTER, TX",813,14,11,0,0,0,0,0,0,0,0,LANCASTER,TX,DALLAS
2066131,75146,"LANCASTER, TX",624,10,5,0,0,0,0,0,0,0,0,LANCASTER,TX,DALLAS
2066112,75146,"LANCASTER, TX",611,3,0,0,0,0,0,0,0,0,0,LANCASTER,TX,DALLAS
2066001,75143,"KEMP, TX",813,12,6,5,0,0,0,0,0,0,0,KEMP,TX,KAUFMAN
2065980,75143,"KEMP, TX",624,4,3,0,0,0,0,0,0,0,0,KEMP,TX,KAUFMAN
2065905,75142,"KAUFMAN, TX",813,20,14,0,0,3,0,0,0,0,0,KAUFMAN,TX,KAUFMAN
2065878,75142,"KAUFMAN, TX",624,4,3,0,0,0,0,0,0,0,0,KAUFMAN,TX,KAUFMAN
2065738,75141,"HUTCHINS, TX",813,3,3,0,0,0,0,0,0,0,0,HUTCHINS,TX,DALLAS
2065672,75140,"GRAND SALINE, TX",813,10,7,0,0,0,0,0,0,0,0,GRAND SALINE,TX,VAN ZANDT
2065629,75138,"DUNCANVILLE, TX",813,3,0,0,0,0,0,0,0,0,0,DUNCANVILLE,TX,DALLAS
2065622,75137,"DUNCANVILLE, TX",813,9,5,0,0,0,0,0,0,0,0,DUNCANVILLE,TX,DALLAS
2065592,75137,"DUNCANVILLE, TX",624,10,4,4,0,0,0,0,0,0,0,DUNCANVILLE,TX,DALLAS
2065482,75135,"CADDO MILLS, TX",813,7,4,3,0,0,0,0,0,0,0,CADDO MILLS,TX,HUNT
2065467,75135,"CADDO MILLS, TX",624,4,0,0,0,0,0,0,0,0,0,CADDO MILLS,TX,HUNT
2065417,75134,"LANCASTER, TX",813,10,7,0,0,0,0,0,0,0,0,LANCASTER,TX,DALLAS
2065399,75134,"LANCASTER, TX",624,4,3,0,0,0,0,0,0,0,0,LANCASTER,TX,DALLAS
2065290,75126,"FORNEY, TX",813,20,15,0,0,0,0,0,0,0,0,FORNEY,TX,KAUFMAN
2065239,75126,"FORNEY, TX",624,16,6,0,5,4,0,0,0,0,0,FORNEY,TX,KAUFMAN
2065215,75126,"FORNEY, TX",611,19,13,4,0,0,0,0,0,0,0,FORNEY,TX,KAUFMAN
2065006,75125,"FERRIS, TX",813,4,3,0,0,0,0,0,0,0,0,FERRIS,TX,ELLIS
2064964,75124,"EUSTACE, TX",813,3,0,0,0,0,0,0,0,0,0,EUSTACE,TX,HENDERSON
2064936,75120,"ENNIS, TX",813,5,3,0,0,0,0,0,0,0,0,ENNIS,TX,ELLIS
2064924,75119,"ENNIS, TX",813,20,11,6,3,0,0,0,0,0,0,ENNIS,TX,ELLIS
2064876,75119,"ENNIS, TX",624,10,4,0,0,0,0,0,0,0,0,ENNIS,TX,ELLIS
2064658,75117,"EDGEWOOD, TX",813,3,3,0,0,0,0,0,0,0,0,EDGEWOOD,TX,VAN ZANDT
2064632,75116,"DUNCANVILLE, TX",813,21,15,4,0,0,0,0,0,0,0,DUNCANVILLE,TX,DALLAS
2064586,75116,"DUNCANVILLE, TX",624,15,7,3,3,0,0,0,0,0,0,DUNCANVILLE,TX,DALLAS
2064567,75116,"DUNCANVILLE, TX",611,6,3,3,0,0,0,0,0,0,0,DUNCANVILLE,TX,DALLAS
2064442,75115,"DESOTO, TX",813,36,25,6,0,3,0,0,0,0,0,DESOTO,TX,DALLAS
2064389,75115,"DESOTO, TX",624,36,16,7,11,0,0,0,0,0,0,DESOTO,TX,DALLAS
2064344,75115,"DESOTO, TX",611,10,4,0,0,0,0,0,0,0,0,DESOTO,TX,DALLAS
2064154,75114,"CRANDALL, TX",813,3,0,0,0,0,0,0,0,0,0,CRANDALL,TX,KAUFMAN
2064099,75110,"CORSICANA, TX",813,32,20,7,0,4,0,0,0,0,0,CORSICANA,TX,NAVARRO
2064053,75110,"CORSICANA, TX",624,24,9,5,5,3,0,0,0,0,0,CORSICANA,TX,NAVARRO
2063789,75106,"CEDAR HILL, TX",813,4,3,0,0,0,0,0,0,0,0,CEDAR HILL,TX,DALLAS
2063773,75104,"CEDAR HILL, TX",813,31,22,5,0,0,0,0,0,0,0,CEDAR HILL,TX,DALLAS
2063726,75104,"CEDAR HILL, TX",624,19,8,4,7,0,0,0,0,0,0,CEDAR HILL,TX,DALLAS
2063693,75104,"CEDAR HILL, TX",611,11,5,0,0,0,0,0,0,0,0,CEDAR HILL,TX,DALLAS
2063477,75103,"CANTON, TX",813,20,13,3,0,0,0,0,0,0,0,CANTON,TX,VAN ZANDT
2063450,75103,"CANTON, TX",624,9,4,0,3,0,0,0,0,0,0,CANTON,TX,VAN ZANDT
2063437,75103,"CANTON, TX",611,3,0,0,0,0,0,0,0,0,0,CANTON,TX,VAN ZANDT
2063306,75098,"WYLIE, TX",813,26,14,7,0,0,0,0,0,0,0,WYLIE,TX,COLLIN
2063268,75098,"WYLIE, TX",624,14,3,0,8,0,0,0,0,0,0,WYLIE,TX,COLLIN
2063236,75098,"WYLIE, TX",611,12,6,0,0,0,0,0,0,0,0,WYLIE,TX,COLLIN
2062978,75094,"PLANO, TX",813,7,6,0,0,0,0,0,0,0,0,PLANO,TX,COLLIN
2062946,75094,"PLANO, TX",624,7,0,0,3,0,0,0,0,0,0,PLANO,TX,COLLIN
2062923,75094,"PLANO, TX",611,12,6,3,3,0,0,0,0,0,0,PLANO,TX,COLLIN
2062785,75093,"PLANO, TX",813,34,19,5,0,3,3,0,0,0,0,PLANO,TX,COLLIN
2062718,75093,"PLANO, TX",624,29,11,0,5,10,0,0,0,0,0,PLANO,TX,COLLIN
2062650,75093,"PLANO, TX",611,53,29,6,10,5,0,0,0,0,0,PLANO,TX,COLLIN
2062281,75092,"SHERMAN, TX",813,23,11,5,7,0,0,0,0,0,0,SHERMAN,TX,GRAYSON
2062260,75092,"SHERMAN, TX",624,8,0,0,5,0,0,0,0,0,0,SHERMAN,TX,GRAYSON
2062227,75092,"SHERMAN, TX",611,4,0,0,0,0,0,0,0,0,0,SHERMAN,TX,GRAYSON
2062113,75091,"SHERMAN, TX",813,5,3,0,0,0,0,0,0,0,0,SHERMAN,TX,GRAYSON
2062099,75090,"SHERMAN, TX",813,22,11,6,0,3,0,0,0,0,0,SHERMAN,TX,GRAYSON
2062054,75090,"SHERMAN, TX",624,15,4,4,4,0,0,0,0,0,0,SHERMAN,TX,GRAYSON
2062015,75090,"SHERMAN, TX",611,9,0,0,0,0,0,0,0,0,0,SHERMAN,TX,GRAYSON
2061785,75089,"ROWLETT, TX",813,11,7,3,0,0,0,0,0,0,0,ROWLETT,TX,DALLAS
2061758,75089,"ROWLETT, TX",624,10,3,0,0,6,0,0,0,0,0,ROWLETT,TX,DALLAS
2061743,75089,"ROWLETT, TX",611,5,4,0,0,0,0,0,0,0,0,ROWLETT,TX,DALLAS
2061651,75088,"ROWLETT, TX",813,16,5,8,0,0,0,0,0,0,0,ROWLETT,TX,DALLAS
2061613,75088,"ROWLETT, TX",624,8,3,0,0,0,0,0,0,0,0,ROWLETT,TX,DALLAS
2061587,75088,"ROWLETT, TX",611,10,7,0,0,0,0,0,0,0,0,ROWLETT,TX,DALLAS
2061391,75087,"ROCKWALL, TX",813,43,27,7,4,5,0,0,0,0,0,ROCKWALL,TX,ROCKWALL
2061335,75087,"ROCKWALL, TX",624,17,4,4,4,5,0,0,0,0,0,ROCKWALL,TX,ROCKWALL
2061285,75087,"ROCKWALL, TX",611,18,9,3,3,0,0,0,0,0,0,ROCKWALL,TX,ROCKWALL
2060989,75086,"PLANO, TX",813,3,3,0,0,0,0,0,0,0,0,PLANO,TX,COLLIN
2060976,75083,"RICHARDSON, TX",813,6,4,0,0,0,0,0,0,0,0,RICHARDSON,TX,DALLAS
2060964,75082,"RICHARDSON, TX",813,12,6,0,0,0,0,0,0,0,0,RICHARDSON,TX,DALLAS
2060931,75082,"RICHARDSON, TX",624,6,3,0,0,3,0,0,0,0,0,RICHARDSON,TX,DALLAS
2060898,75082,"RICHARDSON, TX",611,6,3,0,0,0,0,0,0,0,0,RICHARDSON,TX,DALLAS
2060733,75081,"RICHARDSON, TX",813,41,19,7,8,5,0,0,0,0,0,RICHARDSON,TX,DALLAS
2060668,75081,"RICHARDSON, TX",624,24,11,4,7,0,0,0,0,0,0,RICHARDSON,TX,DALLAS
2060615,75081,"RICHARDSON, TX",611,30,16,3,4,4,0,0,0,0,0,RICHARDSON,TX,DALLAS
2060228,75080,"RICHARDSON, TX",813,56,27,16,7,0,3,0,0,0,0,RICHARDSON,TX,DALLAS
2060156,75080,"RICHARDSON, TX",624,38,17,6,6,7,0,0,0,0,0,RICHARDSON,TX,DALLAS
2060104,75080,"RICHARDSON, TX",611,26,11,8,5,0,0,0,0,0,0,RICHARDSON,TX,DALLAS
2059783,75078,"PROSPER, TX",813,13,9,0,0,3,0,0,0,0,0,PROSPER,TX,COLLIN
2059742,75078,"PROSPER, TX",624,18,6,0,5,6,0,0,0,0,0,PROSPER,TX,COLLIN
2059714,75078,"PROSPER, TX",611,21,14,0,3,0,0,0,0,0,0,PROSPER,TX,COLLIN
2059497,75077,"LEWISVILLE, TX",813,5,0,3,0,0,0,0,0,0,0,LEWISVILLE,TX,DENTON
2059449,75077,"LEWISVILLE, TX",624,22,8,3,5,5,0,0,0,0,0,LEWISVILLE,TX,DENTON
2059413,75077,"LEWISVILLE, TX",611,16,8,3,0,3,0,0,0,0,0,LEWISVILLE,TX,DENTON
2059216,75076,"POTTSBORO, TX",813,9,4,3,0,0,0,0,0,0,0,POTTSBORO,TX,GRAYSON
2059147,75075,"PLANO, TX",813,51,25,9,7,3,4,0,0,0,0,PLANO,TX,COLLIN
2059086,75075,"PLANO, TX",624,29,16,4,5,3,0,0,0,0,0,PLANO,TX,COLLIN
2059036,75075,"PLANO, TX",611,23,10,3,8,0,0,0,0,0,0,PLANO,TX,COLLIN
2058729,75074,"PLANO, TX",813,42,22,10,5,3,0,0,0,0,0,PLANO,TX,COLLIN
2058662,75074,"PLANO, TX",624,29,9,6,6,3,0,3,0,0,0,PLANO,TX,COLLIN
2058617,75074,"PLANO, TX",611,16,11,0,0,3,0,0,0,0,0,PLANO,TX,COLLIN
2058195,75072,"MCKINNEY, TX",813,16,12,0,0,0,0,0,0,0,0,MCKINNEY,TX,COLLIN
2058169,75072,"MCKINNEY, TX",624,4,0,0,0,0,0,0,0,0,0,MCKINNEY,TX,COLLIN
2058150,75072,"MCKINNEY, TX",611,6,5,0,0,0,0,0,0,0,0,MCKINNEY,TX,COLLIN
2058048,75071,"MCKINNEY, TX",813,27,14,4,4,5,0,0,0,0,0,MCKINNEY,TX,COLLIN
2057998,75071,"MCKINNEY, TX",624,17,7,0,6,3,0,0,0,0,0,MCKINNEY,TX,COLLIN
2057953,75071,"MCKINNEY, TX",611,24,16,0,5,0,0,0,0,0,0,MCKINNEY,TX,COLLIN
2057685,75070,"MCKINNEY, TX",813,25,16,4,4,0,0,0,0,0,0,MCKINNEY,TX,COLLIN
2057615,75070,"MCKINNEY, TX",624,38,14,3,8,11,0,0,0,0,0,MCKINNEY,TX,COLLIN
2057561,75070,"MCKINNEY, TX",611,46,26,9,6,5,0,0,0,0,0,MCKINNEY,TX,COLLIN
2057229,75069,"MCKINNEY, TX",813,37,22,9,3,0,0,0,0,0,0,MCKINNEY,TX,COLLIN
2057165,75069,"MCKINNEY, TX",624,22,12,5,3,0,0,0,0,0,0,MCKINNEY,TX,COLLIN
2057109,75069,"MCKINNEY, TX",611,17,9,4,0,0,0,0,0,0,0,MCKINNEY,TX,COLLIN
2056794,75068,"LITTLE ELM, TX",813,6,4,0,0,0,0,0,0,0,0,LITTLE ELM,TX,DENTON
2056746,75068,"LITTLE ELM, TX",624,18,9,0,3,5,0,0,0,0,0,LITTLE ELM,TX,DENTON
2056720,75068,"LITTLE ELM, TX",611,17,14,0,0,0,0,0,0,0,0,LITTLE ELM,TX,DENTON
2056564,75067,"LEWISVILLE, TX",813,36,25,4,5,0,0,0,0,0,0,LEWISVILLE,TX,DENTON
2056507,75067,"LEWISVILLE, TX",624,15,7,0,6,0,0,0,0,0,0,LEWISVILLE,TX,DENTON
2056461,75067,"LEWISVILLE, TX",611,23,14,0,5,3,0,0,0,0,0,LEWISVILLE,TX,DENTON
2056129,75065,"LAKE DALLAS, TX",813,8,0,3,3,0,0,0,0,0,0,LAKE DALLAS,TX,DENTON
2056113,75065,"LAKE DALLAS, TX",624,3,0,0,0,0,0,0,0,0,0,LAKE DALLAS,TX,DENTON
2056109,75065,"LAKE DALLAS, TX",611,3,0,0,0,0,0,0,0,0,0,LAKE DALLAS,TX,DENTON
2056027,75063,"IRVING, TX",813,22,7,4,3,4,0,0,0,0,0,IRVING,TX,DALLAS
2055976,75063,"IRVING, TX",624,18,6,0,9,0,0,0,0,0,0,IRVING,TX,DALLAS
2055932,75063,"IRVING, TX",611,17,6,4,0,0,3,0,0,0,0,IRVING,TX,DALLAS
2055574,75062,"IRVING, TX",813,40,22,8,7,0,0,0,0,0,0,IRVING,TX,DALLAS
2055524,75062,"IRVING, TX",624,18,7,3,3,4,0,0,0,0,0,IRVING,TX,DALLAS
2055480,75062,"IRVING, TX",611,25,14,0,4,0,3,0,0,0,0,IRVING,TX,DALLAS
2055154,75061,"IRVING, TX",813,42,29,8,3,0,0,0,0,0,0,IRVING,TX,DALLAS
2055110,75061,"IRVING, TX",624,11,4,3,4,0,0,0,0,0,0,IRVING,TX,DALLAS
2055078,75061,"IRVING, TX",611,10,3,0,0,3,0,0,0,0,0,IRVING,TX,DALLAS
2054809,75060,"IRVING, TX",813,22,14,4,0,3,0,0,0,0,0,IRVING,TX,DALLAS
2054773,75060,"IRVING, TX",624,7,4,0,0,0,0,0,0,0,0,IRVING,TX,DALLAS
2054754,75060,"IRVING, TX",611,5,3,0,0,0,0,0,0,0,0,IRVING,TX,DALLAS
2054588,75058,"GUNTER, TX",813,4,3,0,0,0,0,0,0,0,0,GUNTER,TX,GRAYSON
2054555,75057,"LEWISVILLE, TX",813,14,9,4,0,0,0,0,0,0,0,LEWISVILLE,TX,DENTON
2054510,75057,"LEWISVILLE, TX",624,3,3,0,0,0,0,0,0,0,0,LEWISVILLE,TX,DENTON
2054471,75057,"LEWISVILLE, TX",611,15,6,0,0,0,0,3,0,0,0,LEWISVILLE,TX,DENTON
2054210,75056,"THE COLONY, TX",813,17,12,0,0,0,0,0,0,0,0,THE COLONY,TX,DENTON
2054144,75056,"THE COLONY, TX",624,21,6,6,5,4,0,0,0,0,0,THE COLONY,TX,DENTON
2054107,75056,"THE COLONY, TX",611,26,16,6,0,0,0,0,0,0,0,THE COLONY,TX,DENTON
2053838,75054,"GRAND PRAIRIE, TX",813,5,4,0,0,0,0,0,0,0,0,GRAND PRAIRIE,TX,DALLAS
2053756,75053,"GRAND PRAIRIE, TX",813,3,0,0,0,0,0,0,0,0,0,GRAND PRAIRIE,TX,DALLAS
2053741,75052,"GRAND PRAIRIE, TX",813,27,15,6,0,0,0,0,0,0,0,GRAND PRAIRIE,TX,DALLAS
2053679,75052,"GRAND PRAIRIE, TX",624,22,7,4,8,0,0,0,0,0,0,GRAND PRAIRIE,TX,DALLAS
2053649,75052,"GRAND PRAIRIE, TX",611,8,3,0,0,0,0,0,0,0,0,GRAND PRAIRIE,TX,DALLAS
2053385,75051,"GRAND PRAIRIE, TX",813,31,20,5,3,0,0,0,0,0,0,GRAND PRAIRIE,TX,DALLAS
2053349,75051,"GRAND PRAIRIE, TX",624,10,5,0,0,0,0,0,0,0,0,GRAND PRAIRIE,TX,DALLAS
2053328,75051,"GRAND PRAIRIE, TX",611,3,0,0,0,0,0,0,0,0,0,GRAND PRAIRIE,TX,DALLAS
2053130,75050,"GRAND PRAIRIE, TX",813,30,22,6,0,0,0,0,0,0,0,GRAND PRAIRIE,TX,DALLAS
2053071,75050,"GRAND PRAIRIE, TX",624,11,7,0,0,0,0,0,0,0,0,GRAND PRAIRIE,TX,DALLAS
2053044,75050,"GRAND PRAIRIE, TX",611,11,5,3,0,0,0,0,0,0,0,GRAND PRAIRIE,TX,DALLAS
2052640,75049,"GARLAND, TX",813,3,3,0,0,0,0,0,0,0,0,GARLAND,TX,DALLAS
2052634,75048,"SACHSE, TX",813,8,4,3,0,0,0,0,0,0,0,SACHSE,TX,DALLAS
2052599,75048,"SACHSE, TX",624,6,0,0,0,4,0,0,0,0,0,SACHSE,TX,DALLAS
2052580,75048,"SACHSE, TX",611,8,5,0,0,0,0,0,0,0,0,SACHSE,TX,DALLAS
2052465,75044,"GARLAND, TX",813,18,11,5,0,0,0,0,0,0,0,GARLAND,TX,DALLAS
2052437,75044,"GARLAND, TX",624,12,0,3,8,0,0,0,0,0,0,GARLAND,TX,DALLAS
2052410,75044,"GARLAND, TX",611,11,6,0,0,0,0,0,0,0,0,GARLAND,TX,DALLAS
2052265,75043,"GARLAND, TX",813,36,26,7,3,0,0,0,0,0,0,GARLAND,TX,DALLAS
2052227,75043,"GARLAND, TX",624,14,4,0,6,3,0,0,0,0,0,GARLAND,TX,DALLAS
2052195,75043,"GARLAND, TX",611,11,9,0,0,0,0,0,0,0,0,GARLAND,TX,DALLAS
2052043,75042,"GARLAND, TX",813,23,18,3,0,0,0,0,0,0,0,GARLAND,TX,DALLAS
2051999,75042,"GARLAND, TX",624,11,0,4,5,0,0,0,0,0,0,GARLAND,TX,DALLAS
2051976,75042,"GARLAND, TX",611,6,4,0,0,0,0,0,0,0,0,GARLAND,TX,DALLAS
2051736,75041,"GARLAND, TX",813,29,21,5,0,3,0,0,0,0,0,GARLAND,TX,DALLAS
2051699,75041,"GARLAND, TX",624,5,0,0,0,0,0,0,0,0,0,GARLAND,TX,DALLAS
2051676,75041,"GARLAND, TX",611,9,3,0,0,0,0,0,0,0,0,GARLAND,TX,DALLAS
2051390,75040,"GARLAND, TX",813,48,28,8,7,3,0,0,0,0,0,GARLAND,TX,DALLAS
2051338,75040,"GARLAND, TX",624,27,7,4,7,6,3,0,0,0,0,GARLAND,TX,DALLAS
2051310,75040,"GARLAND, TX",611,12,9,0,0,0,0,0,0,0,0,GARLAND,TX,DALLAS
2051042,75039,"IRVING, TX",813,18,8,0,6,3,0,0,0,0,0,IRVING,TX,DALLAS
2051002,75039,"IRVING, TX",624,8,3,0,0,0,0,0,0,0,0,IRVING,TX,DALLAS
2050970,75039,"IRVING, TX",611,12,6,0,0,0,0,0,0,0,0,IRVING,TX,DALLAS
2050747,75038,"IRVING, TX",813,13,4,0,3,0,0,0,0,0,0,IRVING,TX,DALLAS
2050713,75038,"IRVING, TX",624,5,0,0,0,0,0,0,0,0,0,IRVING,TX,DALLAS
2050686,75038,"IRVING, TX",611,12,5,0,3,0,0,0,0,0,0,IRVING,TX,DALLAS
2050426,75036,"FRISCO, TX",813,4,0,0,0,0,0,0,0,0,0,FRISCO,TX,DENTON
2050401,75036,"FRISCO, TX",624,7,5,0,0,0,0,0,0,0,0,FRISCO,TX,DENTON
2050379,75036,"FRISCO, TX",611,6,5,0,0,0,0,0,0,0,0,FRISCO,TX,DENTON
2050272,75035,"FRISCO, TX",813,21,14,3,0,0,0,0,0,0,0,FRISCO,TX,COLLIN
2050224,75035,"FRISCO, TX",624,36,17,4,7,8,0,0,0,0,0,FRISCO,TX,COLLIN
2050180,75035,"FRISCO, TX",611,36,27,4,0,0,0,0,0,0,0,FRISCO,TX,COLLIN
2049949,75034,"FRISCO, TX",813,43,23,6,3,5,4,0,0,0,0,FRISCO,TX,DENTON
2049871,75034,"FRISCO, TX",624,31,13,3,5,8,0,0,0,0,0,FRISCO,TX,DENTON
2049811,75034,"FRISCO, TX",611,74,40,17,8,7,0,0,0,0,0,FRISCO,TX,DENTON
2049385,75033,"FRISCO, TX",813,9,3,3,0,3,0,0,0,0,0,FRISCO,TX,DENTON
2049332,75033,"FRISCO, TX",624,15,4,3,0,7,0,0,0,0,0,FRISCO,TX,DENTON
2049284,75033,"FRISCO, TX",611,34,16,6,10,0,0,0,0,0,0,FRISCO,TX,DENTON
2049066,75032,"ROCKWALL, TX",813,16,8,6,0,0,0,0,0,0,0,ROCKWALL,TX,ROCKWALL
2049012,75032,"ROCKWALL, TX",624,12,5,0,0,3,0,0,0,0,0,ROCKWALL,TX,ROCKWALL
2048975,75032,"ROCKWALL, TX",611,11,5,0,3,0,0,0,0,0,0,ROCKWALL,TX,ROCKWALL
2048747,75030,"ROWLETT, TX",813,5,0,0,0,0,0,0,0,0,0,ROWLETT,TX,DALLAS
2048734,75028,"FLOWER MOUND, TX",813,31,17,3,4,0,4,0,0,0,0,FLOWER MOUND,TX,DENTON
2048682,75028,"FLOWER MOUND, TX",624,26,9,0,9,6,0,0,0,0,0,FLOWER MOUND,TX,DENTON
2048631,75028,"FLOWER MOUND, TX",611,45,23,7,9,5,0,0,0,0,0,FLOWER MOUND,TX,DENTON
2048353,75027,"FLOWER MOUND, TX",624,3,0,0,0,0,0,0,0,0,0,FLOWER MOUND,TX,DENTON
2048337,75025,"PLANO, TX",813,13,10,0,0,0,0,0,0,0,0,PLANO,TX,COLLIN
2048306,75025,"PLANO, TX",624,11,8,0,0,0,0,0,0,0,0,PLANO,TX,COLLIN
2048276,75025,"PLANO, TX",611,27,20,4,3,0,0,0,0,0,0,PLANO,TX,COLLIN
2048085,75024,"PLANO, TX",813,24,11,4,3,4,0,0,0,0,0,PLANO,TX,COLLIN
2048018,75024,"PLANO, TX",624,28,5,7,8,6,0,0,0,0,0,PLANO,TX,COLLIN
2047963,75024,"PLANO, TX",611,37,23,5,4,4,0,0,0,0,0,PLANO,TX,COLLIN
2047579,75023,"PLANO, TX",813,29,16,4,3,3,0,0,0,0,0,PLANO,TX,COLLIN
2047526,75023,"PLANO, TX",624,23,10,6,5,0,0,0,0,0,0,PLANO,TX,COLLIN
2047480,75023,"PLANO, TX",611,34,17,6,9,0,0,0,0,0,0,PLANO,TX,COLLIN
2047251,75022,"FLOWER MOUND, TX",813,11,10,0,0,0,0,0,0,0,0,FLOWER MOUND,TX,DENTON
2047207,75022,"FLOWER MOUND, TX",624,12,4,0,4,3,0,0,0,0,0,FLOWER MOUND,TX,DENTON
2047179,75022,"FLOWER MOUND, TX",611,20,12,0,3,0,0,0,0,0,0,FLOWER MOUND,TX,DENTON
2047021,75021,"DENISON, TX",813,7,5,0,0,0,0,0,0,0,0,DENISON,TX,GRAYSON
2046976,75020,"DENISON, TX",813,25,15,5,5,0,0,0,0,0,0,DENISON,TX,GRAYSON
2046940,75020,"DENISON, TX",624,16,5,4,6,0,0,0,0,0,0,DENISON,TX,GRAYSON
2046771,75019,"COPPELL, TX",813,31,15,5,5,4,0,0,0,0,0,COPPELL,TX,DALLAS
2046715,75019,"COPPELL, TX",624,23,8,0,7,4,0,0,0,0,0,COPPELL,TX,DALLAS
2046658,75019,"COPPELL, TX",611,38,22,5,3,6,0,0,0,0,0,COPPELL,TX,DALLAS
2046335,75015,"IRVING, TX",813,3,3,0,0,0,0,0,0,0,0,IRVING,TX,DALLAS
2046323,75013,"ALLEN, TX",813,21,12,0,3,3,0,0,0,0,0,ALLEN,TX,COLLIN
2046263,75013,"ALLEN, TX",624,27,11,4,4,7,0,0,0,0,0,ALLEN,TX,COLLIN
2046213,75013,"ALLEN, TX",611,38,25,6,4,3,0,0,0,0,0,ALLEN,TX,COLLIN
2045926,75011,"CARROLLTON, TX",813,3,0,0,0,0,0,0,0,0,0,CARROLLTON,TX,DALLAS
2045909,75010,"CARROLLTON, TX",813,22,12,4,0,4,0,0,0,0,0,CARROLLTON,TX,DENTON
2045864,75010,"CARROLLTON, TX",624,14,6,0,4,0,0,0,0,0,0,CARROLLTON,TX,DENTON
2045817,75010,"CARROLLTON, TX",611,23,15,4,3,0,0,0,0,0,0,CARROLLTON,TX,DENTON
2045633,75009,"CELINA, TX",813,12,5,5,0,0,0,0,0,0,0,CELINA,TX,COLLIN
2045590,75009,"CELINA, TX",611,5,4,0,0,0,0,0,0,0,0,CELINA,TX,COLLIN
2045476,75007,"CARROLLTON, TX",813,38,30,0,0,3,0,0,0,0,0,CARROLLTON,TX,DENTON
2045421,75007,"CARROLLTON, TX",624,21,9,0,9,0,0,0,0,0,0,CARROLLTON,TX,DENTON
2045380,75007,"CARROLLTON, TX",611,27,19,0,5,0,0,0,0,0,0,CARROLLTON,TX,DENTON
2045057,75006,"CARROLLTON, TX",813,50,34,10,3,0,0,0,0,0,0,CARROLLTON,TX,DALLAS
2044982,75006,"CARROLLTON, TX",624,18,5,6,5,0,0,0,0,0,0,CARROLLTON,TX,DALLAS
2044935,75006,"CARROLLTON, TX",611,29,14,4,7,3,0,0,0,0,0,CARROLLTON,TX,DALLAS
2044436,75002,"ALLEN, TX",813,37,24,4,0,6,0,0,0,0,0,ALLEN,TX,COLLIN
2044379,75002,"ALLEN, TX",624,30,9,6,9,6,0,0,0,0,0,ALLEN,TX,COLLIN
2044331,75002,"ALLEN, TX",611,32,13,6,6,6,0,0,0,0,0,ALLEN,TX,COLLIN
2044060,75001,"ADDISON, TX",813,20,17,0,0,0,0,0,0,0,0,ADDISON,TX,DALLAS
2043999,75001,"ADDISON, TX",624,15,8,0,3,0,0,0,0,0,0,ADDISON,TX,DALLAS
2043960,75001,"ADDISON, TX",611,26,10,5,4,6,0,0,0,0,0,ADDISON,TX,DALLAS